match_id,analysis_data,generated_at
1,"{""player"": ""Walter Ben\u00edtez"", ""prop"": ""Player Yellow Cards"", ""threshold"": ""1"", ""model_prob"": 0.0952, ""final_score"": 14.7, ""suggested_stake"": 25.0, ""games_played"": 25, ""position"": ""Goalkeeper"", ""rate_per_game"": 0.1, ""age"": 32, ""jersey_number"": 20, ""is_profiled"": false, ""is_healthy"": true}",2025-08-24T09:26:21.900392
1,"{""player"": ""Walter Ben\u00edtez"", ""prop"": ""Player Fouls"", ""threshold"": ""1"", ""model_prob"": 0.2592, ""final_score"": 26.1, ""suggested_stake"": 26.14, ""games_played"": 25, ""position"": ""Goalkeeper"", ""rate_per_game"": 0.3, ""age"": 32, ""jersey_number"": 20, ""is_profiled"": false, ""is_healthy"": true}",2025-08-24T09:26:21.900485
1,"{""player"": ""Walter Ben\u00edtez"", ""prop"": ""Player Saves"", ""threshold"": ""5"", ""model_prob"": 0.2746, ""final_score"": 32.2, ""suggested_stake"": 32.22, ""games_played"": 25, ""position"": ""Goalkeeper"", ""rate_per_game"": 3.5, ""age"": 32, ""jersey_number"": 20, ""is_profiled"": false, ""is_healthy"": true}",2025-08-24T09:26:21.900563
1,"{""player"": ""Nathaniel Clyne"", ""prop"": ""Player Yellow Cards"", ""threshold"": ""1"", ""model_prob"": 0.2212, ""final_score"": 23.5, ""suggested_stake"": 25.0, ""games_played"": 28, ""position"": ""Defender"", ""rate_per_game"": 0.25, ""age"": 34, ""jersey_number"": 20, ""is_profiled"": false, ""is_healthy"": true}",2025-08-24T09:26:21.900630
1,"{""player"": ""Nathaniel Clyne"", ""prop"": ""Player Shots"", ""threshold"": ""2"", ""model_prob"": 0.1912, ""final_score"": 21.4, ""suggested_stake"": 25.0, ""games_played"": 28, ""position"": ""Defender"", ""rate_per_game"": 0.8, ""age"": 34, ""jersey_number"": 20, ""is_profiled"": false, ""is_healthy"": true}",2025-08-24T09:26:21.900685
1,"{""player"": ""Nathaniel Clyne"", ""prop"": ""Player Shots on Target"", ""threshold"": ""1"", ""model_prob"": 0.2592, ""final_score"": 26.1, ""suggested_stake"": 26.14, ""games_played"": 28, ""position"": ""Defender"", ""rate_per_game"": 0.3, ""age"": 34, ""jersey_number"": 20, ""is_profiled"": false, ""is_healthy"": true}",2025-08-24T09:26:21.900732
1,"{""player"": ""Nathaniel Clyne"", ""prop"": ""Player Assists"", ""threshold"": ""1"", ""model_prob"": 0.0952, ""final_score"": 14.7, ""suggested_stake"": 25.0, ""games_played"": 28, ""position"": ""Defender"", ""rate_per_game"": 0.1, ""age"": 34, ""jersey_number"": 20, ""is_profiled"": false, ""is_healthy"": true}",2025-08-24T09:26:21.900775
1,"{""player"": ""Nathaniel Clyne"", ""prop"": ""Player Goals"", ""threshold"": ""1"", ""model_prob"": 0.0488, ""final_score"": 11.4, ""suggested_stake"": 25.0, ""games_played"": 28, ""position"": ""Defender"", ""rate_per_game"": 0.05, ""age"": 34, ""jersey_number"": 20, ""is_profiled"": false, ""is_healthy"": true}",2025-08-24T09:26:21.900817
1,"{""player"": ""Nathaniel Clyne"", ""prop"": ""Player Fouls"", ""threshold"": ""2"", ""model_prob"": 0.3374, ""final_score"": 34.6, ""suggested_stake"": 34.62, ""games_played"": 28, ""position"": ""Defender"", ""rate_per_game"": 1.2, ""age"": 34, ""jersey_number"": 20, ""is_profiled"": false, ""is_healthy"": true}",2025-08-24T09:26:21.900865
1,"{""player"": ""Daniel Mu\u00f1oz"", ""prop"": ""Player Yellow Cards"", ""threshold"": ""1"", ""model_prob"": 0.2212, ""final_score"": 28.5, ""suggested_stake"": 28.48, ""games_played"": 28, ""position"": ""Defender"", ""rate_per_game"": 0.25, ""age"": 29, ""jersey_number"": 20, ""is_profiled"": false, ""is_healthy"": true}",2025-08-24T09:26:21.900923
1,"{""player"": ""Daniel Mu\u00f1oz"", ""prop"": ""Player Shots"", ""threshold"": ""2"", ""model_prob"": 0.1912, ""final_score"": 26.4, ""suggested_stake"": 26.38, ""games_played"": 28, ""position"": ""Defender"", ""rate_per_game"": 0.8, ""age"": 29, ""jersey_number"": 20, ""is_profiled"": false, ""is_healthy"": true}",2025-08-24T09:26:21.900992
1,"{""player"": ""Daniel Mu\u00f1oz"", ""prop"": ""Player Shots on Target"", ""threshold"": ""1"", ""model_prob"": 0.2592, ""final_score"": 31.1, ""suggested_stake"": 31.14, ""games_played"": 28, ""position"": ""Defender"", ""rate_per_game"": 0.3, ""age"": 29, ""jersey_number"": 20, ""is_profiled"": false, ""is_healthy"": true}",2025-08-24T09:26:21.901039
1,"{""player"": ""Daniel Mu\u00f1oz"", ""prop"": ""Player Assists"", ""threshold"": ""1"", ""model_prob"": 0.0952, ""final_score"": 19.7, ""suggested_stake"": 25.0, ""games_played"": 28, ""position"": ""Defender"", ""rate_per_game"": 0.1, ""age"": 29, ""jersey_number"": 20, ""is_profiled"": false, ""is_healthy"": true}",2025-08-24T09:26:21.901076
1,"{""player"": ""Daniel Mu\u00f1oz"", ""prop"": ""Player Goals"", ""threshold"": ""1"", ""model_prob"": 0.0488, ""final_score"": 16.4, ""suggested_stake"": 25.0, ""games_played"": 28, ""position"": ""Defender"", ""rate_per_game"": 0.05, ""age"": 29, ""jersey_number"": 20, ""is_profiled"": false, ""is_healthy"": true}",2025-08-24T09:26:21.901111
1,"{""player"": ""Daniel Mu\u00f1oz"", ""prop"": ""Player Fouls"", ""threshold"": ""2"", ""model_prob"": 0.3374, ""final_score"": 39.6, ""suggested_stake"": 39.62, ""games_played"": 28, ""position"": ""Defender"", ""rate_per_game"": 1.2, ""age"": 29, ""jersey_number"": 20, ""is_profiled"": false, ""is_healthy"": true}",2025-08-24T09:26:21.901151
1,"{""player"": ""Borna Sosa"", ""prop"": ""Player Yellow Cards"", ""threshold"": ""1"", ""model_prob"": 0.2212, ""final_score"": 33.5, ""suggested_stake"": 33.48, ""games_played"": 28, ""position"": ""Defender"", ""rate_per_game"": 0.25, ""age"": 27, ""jersey_number"": 20, ""is_profiled"": false, ""is_healthy"": true}",2025-08-24T09:26:21.901200
1,"{""player"": ""Borna Sosa"", ""prop"": ""Player Shots"", ""threshold"": ""2"", ""model_prob"": 0.1912, ""final_score"": 31.4, ""suggested_stake"": 31.38, ""games_played"": 28, ""position"": ""Defender"", ""rate_per_game"": 0.8, ""age"": 27, ""jersey_number"": 20, ""is_profiled"": false, ""is_healthy"": true}",2025-08-24T09:26:21.901241
1,"{""player"": ""Borna Sosa"", ""prop"": ""Player Shots on Target"", ""threshold"": ""1"", ""model_prob"": 0.2592, ""final_score"": 36.1, ""suggested_stake"": 36.14, ""games_played"": 28, ""position"": ""Defender"", ""rate_per_game"": 0.3, ""age"": 27, ""jersey_number"": 20, ""is_profiled"": false, ""is_healthy"": true}",2025-08-24T09:26:21.901277
1,"{""player"": ""Borna Sosa"", ""prop"": ""Player Assists"", ""threshold"": ""1"", ""model_prob"": 0.0952, ""final_score"": 24.7, ""suggested_stake"": 25.0, ""games_played"": 28, ""position"": ""Defender"", ""rate_per_game"": 0.1, ""age"": 27, ""jersey_number"": 20, ""is_profiled"": false, ""is_healthy"": true}",2025-08-24T09:26:21.901312
1,"{""player"": ""Borna Sosa"", ""prop"": ""Player Goals"", ""threshold"": ""1"", ""model_prob"": 0.0488, ""final_score"": 21.4, ""suggested_stake"": 25.0, ""games_played"": 28, ""position"": ""Defender"", ""rate_per_game"": 0.05, ""age"": 27, ""jersey_number"": 20, ""is_profiled"": false, ""is_healthy"": true}",2025-08-24T09:26:21.901346
1,"{""player"": ""Borna Sosa"", ""prop"": ""Player Fouls"", ""threshold"": ""2"", ""model_prob"": 0.3374, ""final_score"": 44.6, ""suggested_stake"": 44.62, ""games_played"": 28, ""position"": ""Defender"", ""rate_per_game"": 1.2, ""age"": 27, ""jersey_number"": 20, ""is_profiled"": false, ""is_healthy"": true}",2025-08-24T09:26:21.901385
1,"{""player"": ""Marc Gu\u00e9hi"", ""prop"": ""Player Yellow Cards"", ""threshold"": ""1"", ""model_prob"": 0.2212, ""final_score"": 33.5, ""suggested_stake"": 33.48, ""games_played"": 28, ""position"": ""Defender"", ""rate_per_game"": 0.25, ""age"": 25, ""jersey_number"": 20, ""is_profiled"": false, ""is_healthy"": true}",2025-08-24T09:26:21.901429
1,"{""player"": ""Marc Gu\u00e9hi"", ""prop"": ""Player Shots"", ""threshold"": ""2"", ""model_prob"": 0.1912, ""final_score"": 31.4, ""suggested_stake"": 31.38, ""games_played"": 28, ""position"": ""Defender"", ""rate_per_game"": 0.8, ""age"": 25, ""jersey_number"": 20, ""is_profiled"": false, ""is_healthy"": true}",2025-08-24T09:26:21.901482
1,"{""player"": ""Marc Gu\u00e9hi"", ""prop"": ""Player Shots on Target"", ""threshold"": ""1"", ""model_prob"": 0.2592, ""final_score"": 36.1, ""suggested_stake"": 36.14, ""games_played"": 28, ""position"": ""Defender"", ""rate_per_game"": 0.3, ""age"": 25, ""jersey_number"": 20, ""is_profiled"": false, ""is_healthy"": true}",2025-08-24T09:26:21.901520
1,"{""player"": ""Marc Gu\u00e9hi"", ""prop"": ""Player Assists"", ""threshold"": ""1"", ""model_prob"": 0.0952, ""final_score"": 24.7, ""suggested_stake"": 25.0, ""games_played"": 28, ""position"": ""Defender"", ""rate_per_game"": 0.1, ""age"": 25, ""jersey_number"": 20, ""is_profiled"": false, ""is_healthy"": true}",2025-08-24T09:26:21.901553
1,"{""player"": ""Marc Gu\u00e9hi"", ""prop"": ""Player Goals"", ""threshold"": ""1"", ""model_prob"": 0.0488, ""final_score"": 21.4, ""suggested_stake"": 25.0, ""games_played"": 28, ""position"": ""Defender"", ""rate_per_game"": 0.05, ""age"": 25, ""jersey_number"": 20, ""is_profiled"": false, ""is_healthy"": true}",2025-08-24T09:26:21.901586
1,"{""player"": ""Marc Gu\u00e9hi"", ""prop"": ""Player Fouls"", ""threshold"": ""2"", ""model_prob"": 0.3374, ""final_score"": 44.6, ""suggested_stake"": 44.62, ""games_played"": 28, ""position"": ""Defender"", ""rate_per_game"": 1.2, ""age"": 25, ""jersey_number"": 20, ""is_profiled"": false, ""is_healthy"": true}",2025-08-24T09:26:21.901626
1,"{""player"": ""Will Hughes"", ""prop"": ""Player Yellow Cards"", ""threshold"": ""1"", ""model_prob"": 0.1813, ""final_score"": 27.7, ""suggested_stake"": 27.69, ""games_played"": 30, ""position"": ""Midfielder"", ""rate_per_game"": 0.2, ""age"": 30, ""jersey_number"": 20, ""is_profiled"": false, ""is_healthy"": true}",2025-08-24T09:26:21.901672
1,"{""player"": ""Will Hughes"", ""prop"": ""Player Shots"", ""threshold"": ""3"", ""model_prob"": 0.1912, ""final_score"": 31.4, ""suggested_stake"": 31.38, ""games_played"": 30, ""position"": ""Midfielder"", ""rate_per_game"": 1.5, ""age"": 30, ""jersey_number"": 20, ""is_profiled"": false, ""is_healthy"": true}",2025-08-24T09:26:21.901717
1,"{""player"": ""Will Hughes"", ""prop"": ""Player Shots on Target"", ""threshold"": ""1"", ""model_prob"": 0.4512, ""final_score"": 46.6, ""suggested_stake"": 46.58, ""games_played"": 30, ""position"": ""Midfielder"", ""rate_per_game"": 0.6, ""age"": 30, ""jersey_number"": 20, ""is_profiled"": false, ""is_healthy"": true}",2025-08-24T09:26:21.901754
1,"{""player"": ""Will Hughes"", ""prop"": ""Player Assists"", ""threshold"": ""1"", ""model_prob"": 0.2212, ""final_score"": 30.5, ""suggested_stake"": 30.48, ""games_played"": 30, ""position"": ""Midfielder"", ""rate_per_game"": 0.25, ""age"": 30, ""jersey_number"": 20, ""is_profiled"": false, ""is_healthy"": true}",2025-08-24T09:26:21.901790
1,"{""player"": ""Will Hughes"", ""prop"": ""Player Goals"", ""threshold"": ""1"", ""model_prob"": 0.1393, ""final_score"": 24.8, ""suggested_stake"": 25.0, ""games_played"": 30, ""position"": ""Midfielder"", ""rate_per_game"": 0.15, ""age"": 30, ""jersey_number"": 20, ""is_profiled"": false, ""is_healthy"": true}",2025-08-24T09:26:21.901823
1,"{""player"": ""Will Hughes"", ""prop"": ""Player Fouls"", ""threshold"": ""2"", ""model_prob"": 0.2642, ""final_score"": 33.5, ""suggested_stake"": 33.5, ""games_played"": 30, ""position"": ""Midfielder"", ""rate_per_game"": 1.0, ""age"": 30, ""jersey_number"": 20, ""is_profiled"": false, ""is_healthy"": true}",2025-08-24T09:26:21.901860
1,"{""player"": ""Jefferson Lerma"", ""prop"": ""Player Yellow Cards"", ""threshold"": ""1"", ""model_prob"": 0.1813, ""final_score"": 27.7, ""suggested_stake"": 27.69, ""games_played"": 30, ""position"": ""Midfielder"", ""rate_per_game"": 0.2, ""age"": 30, ""jersey_number"": 20, ""is_profiled"": false, ""is_healthy"": true}",2025-08-24T09:26:21.901904
1,"{""player"": ""Jefferson Lerma"", ""prop"": ""Player Shots"", ""threshold"": ""3"", ""model_prob"": 0.1912, ""final_score"": 31.4, ""suggested_stake"": 31.38, ""games_played"": 30, ""position"": ""Midfielder"", ""rate_per_game"": 1.5, ""age"": 30, ""jersey_number"": 20, ""is_profiled"": false, ""is_healthy"": true}",2025-08-24T09:26:21.901979
1,"{""player"": ""Jefferson Lerma"", ""prop"": ""Player Shots on Target"", ""threshold"": ""1"", ""model_prob"": 0.4512, ""final_score"": 46.6, ""suggested_stake"": 46.58, ""games_played"": 30, ""position"": ""Midfielder"", ""rate_per_game"": 0.6, ""age"": 30, ""jersey_number"": 20, ""is_profiled"": false, ""is_healthy"": true}",2025-08-24T09:26:21.902023
1,"{""player"": ""Jefferson Lerma"", ""prop"": ""Player Assists"", ""threshold"": ""1"", ""model_prob"": 0.2212, ""final_score"": 30.5, ""suggested_stake"": 30.48, ""games_played"": 30, ""position"": ""Midfielder"", ""rate_per_game"": 0.25, ""age"": 30, ""jersey_number"": 20, ""is_profiled"": false, ""is_healthy"": true}",2025-08-24T09:26:21.902058
1,"{""player"": ""Jefferson Lerma"", ""prop"": ""Player Goals"", ""threshold"": ""1"", ""model_prob"": 0.1393, ""final_score"": 24.8, ""suggested_stake"": 25.0, ""games_played"": 30, ""position"": ""Midfielder"", ""rate_per_game"": 0.15, ""age"": 30, ""jersey_number"": 20, ""is_profiled"": false, ""is_healthy"": true}",2025-08-24T09:26:21.902091
1,"{""player"": ""Jefferson Lerma"", ""prop"": ""Player Fouls"", ""threshold"": ""2"", ""model_prob"": 0.2642, ""final_score"": 33.5, ""suggested_stake"": 33.5, ""games_played"": 30, ""position"": ""Midfielder"", ""rate_per_game"": 1.0, ""age"": 30, ""jersey_number"": 20, ""is_profiled"": false, ""is_healthy"": true}",2025-08-24T09:26:21.902128
1,"{""player"": ""Daichi Kamada"", ""prop"": ""Player Yellow Cards"", ""threshold"": ""1"", ""model_prob"": 0.1813, ""final_score"": 27.7, ""suggested_stake"": 27.69, ""games_played"": 30, ""position"": ""Midfielder"", ""rate_per_game"": 0.2, ""age"": 29, ""jersey_number"": 20, ""is_profiled"": false, ""is_healthy"": true}",2025-08-24T09:26:21.902177
1,"{""player"": ""Daichi Kamada"", ""prop"": ""Player Shots"", ""threshold"": ""3"", ""model_prob"": 0.1912, ""final_score"": 31.4, ""suggested_stake"": 31.38, ""games_played"": 30, ""position"": ""Midfielder"", ""rate_per_game"": 1.5, ""age"": 29, ""jersey_number"": 20, ""is_profiled"": false, ""is_healthy"": true}",2025-08-24T09:26:21.902222
1,"{""player"": ""Daichi Kamada"", ""prop"": ""Player Shots on Target"", ""threshold"": ""1"", ""model_prob"": 0.4512, ""final_score"": 46.6, ""suggested_stake"": 46.58, ""games_played"": 30, ""position"": ""Midfielder"", ""rate_per_game"": 0.6, ""age"": 29, ""jersey_number"": 20, ""is_profiled"": false, ""is_healthy"": true}",2025-08-24T09:26:21.902258
1,"{""player"": ""Daichi Kamada"", ""prop"": ""Player Assists"", ""threshold"": ""1"", ""model_prob"": 0.2212, ""final_score"": 30.5, ""suggested_stake"": 30.48, ""games_played"": 30, ""position"": ""Midfielder"", ""rate_per_game"": 0.25, ""age"": 29, ""jersey_number"": 20, ""is_profiled"": false, ""is_healthy"": true}",2025-08-24T09:26:21.902293
1,"{""player"": ""Daichi Kamada"", ""prop"": ""Player Goals"", ""threshold"": ""1"", ""model_prob"": 0.1393, ""final_score"": 24.8, ""suggested_stake"": 25.0, ""games_played"": 30, ""position"": ""Midfielder"", ""rate_per_game"": 0.15, ""age"": 29, ""jersey_number"": 20, ""is_profiled"": false, ""is_healthy"": true}",2025-08-24T09:26:21.902326
1,"{""player"": ""Daichi Kamada"", ""prop"": ""Player Fouls"", ""threshold"": ""2"", ""model_prob"": 0.2642, ""final_score"": 33.5, ""suggested_stake"": 33.5, ""games_played"": 30, ""position"": ""Midfielder"", ""rate_per_game"": 1.0, ""age"": 29, ""jersey_number"": 20, ""is_profiled"": false, ""is_healthy"": true}",2025-08-24T09:26:21.902363
1,"{""player"": ""Odsonne \u00c9douard"", ""prop"": ""Player Yellow Cards"", ""threshold"": ""1"", ""model_prob"": 0.1393, ""final_score"": 30.8, ""suggested_stake"": 30.75, ""games_played"": 26, ""position"": ""Forward"", ""rate_per_game"": 0.15, ""age"": 27, ""jersey_number"": 20, ""is_profiled"": false, ""is_healthy"": true}",2025-08-24T09:26:21.902406
1,"{""player"": ""Odsonne \u00c9douard"", ""prop"": ""Player Shots"", ""threshold"": ""5"", ""model_prob"": 0.2194, ""final_score"": 41.4, ""suggested_stake"": 41.36, ""games_played"": 26, ""position"": ""Forward"", ""rate_per_game"": 3.2, ""age"": 27, ""jersey_number"": 20, ""is_profiled"": false, ""is_healthy"": true}",2025-08-24T09:26:21.902455
1,"{""player"": ""Odsonne \u00c9douard"", ""prop"": ""Player Shots on Target"", ""threshold"": ""3"", ""model_prob"": 0.1665, ""final_score"": 35.7, ""suggested_stake"": 35.66, ""games_played"": 26, ""position"": ""Forward"", ""rate_per_game"": 1.4, ""age"": 27, ""jersey_number"": 20, ""is_profiled"": false, ""is_healthy"": true}",2025-08-24T09:26:21.902494
1,"{""player"": ""Odsonne \u00c9douard"", ""prop"": ""Player Assists"", ""threshold"": ""1"", ""model_prob"": 0.1813, ""final_score"": 33.7, ""suggested_stake"": 33.69, ""games_played"": 26, ""position"": ""Forward"", ""rate_per_game"": 0.2, ""age"": 27, ""jersey_number"": 20, ""is_profiled"": false, ""is_healthy"": true}",2025-08-24T09:26:21.902530
1,"{""player"": ""Odsonne \u00c9douard"", ""prop"": ""Player Goals"", ""threshold"": ""1"", ""model_prob"": 0.3624, ""final_score"": 46.4, ""suggested_stake"": 46.37, ""games_played"": 26, ""position"": ""Forward"", ""rate_per_game"": 0.45, ""age"": 27, ""jersey_number"": 20, ""is_profiled"": false, ""is_healthy"": true}",2025-08-24T09:26:21.902564
1,"{""player"": ""Odsonne \u00c9douard"", ""prop"": ""Player Fouls"", ""threshold"": ""2"", ""model_prob"": 0.1912, ""final_score"": 34.4, ""suggested_stake"": 34.38, ""games_played"": 26, ""position"": ""Forward"", ""rate_per_game"": 0.8, ""age"": 27, ""jersey_number"": 20, ""is_profiled"": false, ""is_healthy"": true}",2025-08-24T09:26:21.902602
1,"{""player"": ""Isma\u00efla Sarr"", ""prop"": ""Player Yellow Cards"", ""threshold"": ""1"", ""model_prob"": 0.1393, ""final_score"": 30.8, ""suggested_stake"": 30.75, ""games_played"": 26, ""position"": ""Forward"", ""rate_per_game"": 0.15, ""age"": 27, ""jersey_number"": 20, ""is_profiled"": false, ""is_healthy"": true}",2025-08-24T09:26:21.902644
1,"{""player"": ""Isma\u00efla Sarr"", ""prop"": ""Player Shots"", ""threshold"": ""5"", ""model_prob"": 0.2194, ""final_score"": 41.4, ""suggested_stake"": 41.36, ""games_played"": 26, ""position"": ""Forward"", ""rate_per_game"": 3.2, ""age"": 27, ""jersey_number"": 20, ""is_profiled"": false, ""is_healthy"": true}",2025-08-24T09:26:21.902690
1,"{""player"": ""Isma\u00efla Sarr"", ""prop"": ""Player Shots on Target"", ""threshold"": ""3"", ""model_prob"": 0.1665, ""final_score"": 35.7, ""suggested_stake"": 35.66, ""games_played"": 26, ""position"": ""Forward"", ""rate_per_game"": 1.4, ""age"": 27, ""jersey_number"": 20, ""is_profiled"": false, ""is_healthy"": true}",2025-08-24T09:26:21.902729
1,"{""player"": ""Isma\u00efla Sarr"", ""prop"": ""Player Assists"", ""threshold"": ""1"", ""model_prob"": 0.1813, ""final_score"": 33.7, ""suggested_stake"": 33.69, ""games_played"": 26, ""position"": ""Forward"", ""rate_per_game"": 0.2, ""age"": 27, ""jersey_number"": 20, ""is_profiled"": false, ""is_healthy"": true}",2025-08-24T09:26:21.902764
1,"{""player"": ""Isma\u00efla Sarr"", ""prop"": ""Player Goals"", ""threshold"": ""1"", ""model_prob"": 0.3624, ""final_score"": 46.4, ""suggested_stake"": 46.37, ""games_played"": 26, ""position"": ""Forward"", ""rate_per_game"": 0.45, ""age"": 27, ""jersey_number"": 20, ""is_profiled"": false, ""is_healthy"": true}",2025-08-24T09:26:21.902798
1,"{""player"": ""Isma\u00efla Sarr"", ""prop"": ""Player Fouls"", ""threshold"": ""2"", ""model_prob"": 0.1912, ""final_score"": 34.4, ""suggested_stake"": 34.38, ""games_played"": 26, ""position"": ""Forward"", ""rate_per_game"": 0.8, ""age"": 27, ""jersey_number"": 20, ""is_profiled"": false, ""is_healthy"": true}",2025-08-24T09:26:21.902835
1,"{""player"": ""Jean-Philippe Mateta"", ""prop"": ""Player Yellow Cards"", ""threshold"": ""1"", ""model_prob"": 0.1393, ""final_score"": 30.8, ""suggested_stake"": 30.75, ""games_played"": 26, ""position"": ""Forward"", ""rate_per_game"": 0.15, ""age"": 28, ""jersey_number"": 20, ""is_profiled"": false, ""is_healthy"": true}",2025-08-24T09:26:21.902879
1,"{""player"": ""Jean-Philippe Mateta"", ""prop"": ""Player Shots"", ""threshold"": ""5"", ""model_prob"": 0.2194, ""final_score"": 41.4, ""suggested_stake"": 41.36, ""games_played"": 26, ""position"": ""Forward"", ""rate_per_game"": 3.2, ""age"": 28, ""jersey_number"": 20, ""is_profiled"": false, ""is_healthy"": true}",2025-08-24T09:26:21.902926
1,"{""player"": ""Jean-Philippe Mateta"", ""prop"": ""Player Shots on Target"", ""threshold"": ""3"", ""model_prob"": 0.1665, ""final_score"": 35.7, ""suggested_stake"": 35.66, ""games_played"": 26, ""position"": ""Forward"", ""rate_per_game"": 1.4, ""age"": 28, ""jersey_number"": 20, ""is_profiled"": false, ""is_healthy"": true}",2025-08-24T09:26:21.902982
1,"{""player"": ""Jean-Philippe Mateta"", ""prop"": ""Player Assists"", ""threshold"": ""1"", ""model_prob"": 0.1813, ""final_score"": 33.7, ""suggested_stake"": 33.69, ""games_played"": 26, ""position"": ""Forward"", ""rate_per_game"": 0.2, ""age"": 28, ""jersey_number"": 20, ""is_profiled"": false, ""is_healthy"": true}",2025-08-24T09:26:21.903020
1,"{""player"": ""Jean-Philippe Mateta"", ""prop"": ""Player Goals"", ""threshold"": ""1"", ""model_prob"": 0.3624, ""final_score"": 46.4, ""suggested_stake"": 46.37, ""games_played"": 26, ""position"": ""Forward"", ""rate_per_game"": 0.45, ""age"": 28, ""jersey_number"": 20, ""is_profiled"": false, ""is_healthy"": true}",2025-08-24T09:26:21.903054
1,"{""player"": ""Jean-Philippe Mateta"", ""prop"": ""Player Fouls"", ""threshold"": ""2"", ""model_prob"": 0.1912, ""final_score"": 34.4, ""suggested_stake"": 34.38, ""games_played"": 26, ""position"": ""Forward"", ""rate_per_game"": 0.8, ""age"": 28, ""jersey_number"": 20, ""is_profiled"": false, ""is_healthy"": true}",2025-08-24T09:26:21.903092
1,"{""player"": ""Matz Sels"", ""prop"": ""Player Yellow Cards"", ""threshold"": ""1"", ""model_prob"": 0.0952, ""final_score"": 14.7, ""suggested_stake"": 25.0, ""games_played"": 25, ""position"": ""Goalkeeper"", ""rate_per_game"": 0.1, ""age"": 33, ""jersey_number"": 20, ""is_profiled"": false, ""is_healthy"": true}",2025-08-24T09:26:21.903135
1,"{""player"": ""Matz Sels"", ""prop"": ""Player Fouls"", ""threshold"": ""1"", ""model_prob"": 0.2592, ""final_score"": 26.1, ""suggested_stake"": 26.14, ""games_played"": 25, ""position"": ""Goalkeeper"", ""rate_per_game"": 0.3, ""age"": 33, ""jersey_number"": 20, ""is_profiled"": false, ""is_healthy"": true}",2025-08-24T09:26:21.903173
1,"{""player"": ""Matz Sels"", ""prop"": ""Player Saves"", ""threshold"": ""5"", ""model_prob"": 0.2746, ""final_score"": 32.2, ""suggested_stake"": 32.22, ""games_played"": 25, ""position"": ""Goalkeeper"", ""rate_per_game"": 3.5, ""age"": 33, ""jersey_number"": 20, ""is_profiled"": false, ""is_healthy"": true}",2025-08-24T09:26:21.903225
1,"{""player"": ""Willy Boly"", ""prop"": ""Player Yellow Cards"", ""threshold"": ""1"", ""model_prob"": 0.2212, ""final_score"": 23.5, ""suggested_stake"": 25.0, ""games_played"": 28, ""position"": ""Defender"", ""rate_per_game"": 0.25, ""age"": 34, ""jersey_number"": 20, ""is_profiled"": false, ""is_healthy"": true}",2025-08-24T09:26:21.903268
1,"{""player"": ""Willy Boly"", ""prop"": ""Player Shots"", ""threshold"": ""2"", ""model_prob"": 0.1912, ""final_score"": 21.4, ""suggested_stake"": 25.0, ""games_played"": 28, ""position"": ""Defender"", ""rate_per_game"": 0.8, ""age"": 34, ""jersey_number"": 20, ""is_profiled"": false, ""is_healthy"": true}",2025-08-24T09:26:21.903307
1,"{""player"": ""Willy Boly"", ""prop"": ""Player Shots on Target"", ""threshold"": ""1"", ""model_prob"": 0.2592, ""final_score"": 26.1, ""suggested_stake"": 26.14, ""games_played"": 28, ""position"": ""Defender"", ""rate_per_game"": 0.3, ""age"": 34, ""jersey_number"": 20, ""is_profiled"": false, ""is_healthy"": true}",2025-08-24T09:26:21.903342
1,"{""player"": ""Willy Boly"", ""prop"": ""Player Assists"", ""threshold"": ""1"", ""model_prob"": 0.0952, ""final_score"": 14.7, ""suggested_stake"": 25.0, ""games_played"": 28, ""position"": ""Defender"", ""rate_per_game"": 0.1, ""age"": 34, ""jersey_number"": 20, ""is_profiled"": false, ""is_healthy"": true}",2025-08-24T09:26:21.903374
1,"{""player"": ""Willy Boly"", ""prop"": ""Player Goals"", ""threshold"": ""1"", ""model_prob"": 0.0488, ""final_score"": 11.4, ""suggested_stake"": 25.0, ""games_played"": 28, ""position"": ""Defender"", ""rate_per_game"": 0.05, ""age"": 34, ""jersey_number"": 20, ""is_profiled"": false, ""is_healthy"": true}",2025-08-24T09:26:21.903407
1,"{""player"": ""Willy Boly"", ""prop"": ""Player Fouls"", ""threshold"": ""2"", ""model_prob"": 0.3374, ""final_score"": 34.6, ""suggested_stake"": 34.62, ""games_played"": 28, ""position"": ""Defender"", ""rate_per_game"": 1.2, ""age"": 34, ""jersey_number"": 20, ""is_profiled"": false, ""is_healthy"": true}",2025-08-24T09:26:21.903452
1,"{""player"": ""Morato"", ""prop"": ""Player Yellow Cards"", ""threshold"": ""1"", ""model_prob"": 0.2212, ""final_score"": 33.5, ""suggested_stake"": 33.48, ""games_played"": 28, ""position"": ""Defender"", ""rate_per_game"": 0.25, ""age"": 24, ""jersey_number"": 20, ""is_profiled"": false, ""is_healthy"": true}",2025-08-24T09:26:21.903496
1,"{""player"": ""Morato"", ""prop"": ""Player Shots"", ""threshold"": ""2"", ""model_prob"": 0.1912, ""final_score"": 31.4, ""suggested_stake"": 31.38, ""games_played"": 28, ""position"": ""Defender"", ""rate_per_game"": 0.8, ""age"": 24, ""jersey_number"": 20, ""is_profiled"": false, ""is_healthy"": true}",2025-08-24T09:26:21.903534
1,"{""player"": ""Morato"", ""prop"": ""Player Shots on Target"", ""threshold"": ""1"", ""model_prob"": 0.2592, ""final_score"": 36.1, ""suggested_stake"": 36.14, ""games_played"": 28, ""position"": ""Defender"", ""rate_per_game"": 0.3, ""age"": 24, ""jersey_number"": 20, ""is_profiled"": false, ""is_healthy"": true}",2025-08-24T09:26:21.903569
1,"{""player"": ""Morato"", ""prop"": ""Player Assists"", ""threshold"": ""1"", ""model_prob"": 0.0952, ""final_score"": 24.7, ""suggested_stake"": 25.0, ""games_played"": 28, ""position"": ""Defender"", ""rate_per_game"": 0.1, ""age"": 24, ""jersey_number"": 20, ""is_profiled"": false, ""is_healthy"": true}",2025-08-24T09:26:21.903601
1,"{""player"": ""Morato"", ""prop"": ""Player Goals"", ""threshold"": ""1"", ""model_prob"": 0.0488, ""final_score"": 21.4, ""suggested_stake"": 25.0, ""games_played"": 28, ""position"": ""Defender"", ""rate_per_game"": 0.05, ""age"": 24, ""jersey_number"": 20, ""is_profiled"": false, ""is_healthy"": true}",2025-08-24T09:26:21.903631
1,"{""player"": ""Morato"", ""prop"": ""Player Fouls"", ""threshold"": ""2"", ""model_prob"": 0.3374, ""final_score"": 44.6, ""suggested_stake"": 44.62, ""games_played"": 28, ""position"": ""Defender"", ""rate_per_game"": 1.2, ""age"": 24, ""jersey_number"": 20, ""is_profiled"": false, ""is_healthy"": true}",2025-08-24T09:26:21.903672
1,"{""player"": ""Ola Aina"", ""prop"": ""Player Yellow Cards"", ""threshold"": ""1"", ""model_prob"": 0.2212, ""final_score"": 33.5, ""suggested_stake"": 33.48, ""games_played"": 28, ""position"": ""Defender"", ""rate_per_game"": 0.25, ""age"": 28, ""jersey_number"": 20, ""is_profiled"": false, ""is_healthy"": true}",2025-08-24T09:26:21.903716
1,"{""player"": ""Ola Aina"", ""prop"": ""Player Shots"", ""threshold"": ""2"", ""model_prob"": 0.1912, ""final_score"": 31.4, ""suggested_stake"": 31.38, ""games_played"": 28, ""position"": ""Defender"", ""rate_per_game"": 0.8, ""age"": 28, ""jersey_number"": 20, ""is_profiled"": false, ""is_healthy"": true}",2025-08-24T09:26:21.903754
1,"{""player"": ""Ola Aina"", ""prop"": ""Player Shots on Target"", ""threshold"": ""1"", ""model_prob"": 0.2592, ""final_score"": 36.1, ""suggested_stake"": 36.14, ""games_played"": 28, ""position"": ""Defender"", ""rate_per_game"": 0.3, ""age"": 28, ""jersey_number"": 20, ""is_profiled"": false, ""is_healthy"": true}",2025-08-24T09:26:21.903789
1,"{""player"": ""Ola Aina"", ""prop"": ""Player Assists"", ""threshold"": ""1"", ""model_prob"": 0.0952, ""final_score"": 24.7, ""suggested_stake"": 25.0, ""games_played"": 28, ""position"": ""Defender"", ""rate_per_game"": 0.1, ""age"": 28, ""jersey_number"": 20, ""is_profiled"": false, ""is_healthy"": true}",2025-08-24T09:26:21.903821
1,"{""player"": ""Ola Aina"", ""prop"": ""Player Goals"", ""threshold"": ""1"", ""model_prob"": 0.0488, ""final_score"": 21.4, ""suggested_stake"": 25.0, ""games_played"": 28, ""position"": ""Defender"", ""rate_per_game"": 0.05, ""age"": 28, ""jersey_number"": 20, ""is_profiled"": false, ""is_healthy"": true}",2025-08-24T09:26:21.903852
1,"{""player"": ""Ola Aina"", ""prop"": ""Player Fouls"", ""threshold"": ""2"", ""model_prob"": 0.3374, ""final_score"": 44.6, ""suggested_stake"": 44.62, ""games_played"": 28, ""position"": ""Defender"", ""rate_per_game"": 1.2, ""age"": 28, ""jersey_number"": 20, ""is_profiled"": false, ""is_healthy"": true}",2025-08-24T09:26:21.903889
1,"{""player"": ""David Carmo"", ""prop"": ""Player Yellow Cards"", ""threshold"": ""1"", ""model_prob"": 0.2212, ""final_score"": 33.5, ""suggested_stake"": 33.48, ""games_played"": 28, ""position"": ""Defender"", ""rate_per_game"": 0.25, ""age"": 26, ""jersey_number"": 20, ""is_profiled"": false, ""is_healthy"": true}",2025-08-24T09:26:21.903934
1,"{""player"": ""David Carmo"", ""prop"": ""Player Shots"", ""threshold"": ""2"", ""model_prob"": 0.1912, ""final_score"": 31.4, ""suggested_stake"": 31.38, ""games_played"": 28, ""position"": ""Defender"", ""rate_per_game"": 0.8, ""age"": 26, ""jersey_number"": 20, ""is_profiled"": false, ""is_healthy"": true}",2025-08-24T09:26:21.904009
1,"{""player"": ""David Carmo"", ""prop"": ""Player Shots on Target"", ""threshold"": ""1"", ""model_prob"": 0.2592, ""final_score"": 36.1, ""suggested_stake"": 36.14, ""games_played"": 28, ""position"": ""Defender"", ""rate_per_game"": 0.3, ""age"": 26, ""jersey_number"": 20, ""is_profiled"": false, ""is_healthy"": true}",2025-08-24T09:26:21.904047
1,"{""player"": ""David Carmo"", ""prop"": ""Player Assists"", ""threshold"": ""1"", ""model_prob"": 0.0952, ""final_score"": 24.7, ""suggested_stake"": 25.0, ""games_played"": 28, ""position"": ""Defender"", ""rate_per_game"": 0.1, ""age"": 26, ""jersey_number"": 20, ""is_profiled"": false, ""is_healthy"": true}",2025-08-24T09:26:21.904080
1,"{""player"": ""David Carmo"", ""prop"": ""Player Goals"", ""threshold"": ""1"", ""model_prob"": 0.0488, ""final_score"": 21.4, ""suggested_stake"": 25.0, ""games_played"": 28, ""position"": ""Defender"", ""rate_per_game"": 0.05, ""age"": 26, ""jersey_number"": 20, ""is_profiled"": false, ""is_healthy"": true}",2025-08-24T09:26:21.904111
1,"{""player"": ""David Carmo"", ""prop"": ""Player Fouls"", ""threshold"": ""2"", ""model_prob"": 0.3374, ""final_score"": 44.6, ""suggested_stake"": 44.62, ""games_played"": 28, ""position"": ""Defender"", ""rate_per_game"": 1.2, ""age"": 26, ""jersey_number"": 20, ""is_profiled"": false, ""is_healthy"": true}",2025-08-24T09:26:21.904154
1,"{""player"": ""Ibrahim Sangar\u00e9"", ""prop"": ""Player Yellow Cards"", ""threshold"": ""1"", ""model_prob"": 0.1813, ""final_score"": 32.7, ""suggested_stake"": 32.69, ""games_played"": 30, ""position"": ""Midfielder"", ""rate_per_game"": 0.2, ""age"": 27, ""jersey_number"": 20, ""is_profiled"": false, ""is_healthy"": true}",2025-08-24T09:26:21.904200
1,"{""player"": ""Ibrahim Sangar\u00e9"", ""prop"": ""Player Shots"", ""threshold"": ""3"", ""model_prob"": 0.1912, ""final_score"": 36.4, ""suggested_stake"": 36.38, ""games_played"": 30, ""position"": ""Midfielder"", ""rate_per_game"": 1.5, ""age"": 27, ""jersey_number"": 20, ""is_profiled"": false, ""is_healthy"": true}",2025-08-24T09:26:21.904243
1,"{""player"": ""Ibrahim Sangar\u00e9"", ""prop"": ""Player Shots on Target"", ""threshold"": ""1"", ""model_prob"": 0.4512, ""final_score"": 51.6, ""suggested_stake"": 51.58, ""games_played"": 30, ""position"": ""Midfielder"", ""rate_per_game"": 0.6, ""age"": 27, ""jersey_number"": 20, ""is_profiled"": false, ""is_healthy"": true}",2025-08-24T09:26:21.904279
1,"{""player"": ""Ibrahim Sangar\u00e9"", ""prop"": ""Player Assists"", ""threshold"": ""1"", ""model_prob"": 0.2212, ""final_score"": 35.5, ""suggested_stake"": 35.48, ""games_played"": 30, ""position"": ""Midfielder"", ""rate_per_game"": 0.25, ""age"": 27, ""jersey_number"": 20, ""is_profiled"": false, ""is_healthy"": true}",2025-08-24T09:26:21.904317
1,"{""player"": ""Ibrahim Sangar\u00e9"", ""prop"": ""Player Goals"", ""threshold"": ""1"", ""model_prob"": 0.1393, ""final_score"": 29.8, ""suggested_stake"": 29.75, ""games_played"": 30, ""position"": ""Midfielder"", ""rate_per_game"": 0.15, ""age"": 27, ""jersey_number"": 20, ""is_profiled"": false, ""is_healthy"": true}",2025-08-24T09:26:21.904349
1,"{""player"": ""Ibrahim Sangar\u00e9"", ""prop"": ""Player Fouls"", ""threshold"": ""2"", ""model_prob"": 0.2642, ""final_score"": 38.5, ""suggested_stake"": 38.5, ""games_played"": 30, ""position"": ""Midfielder"", ""rate_per_game"": 1.0, ""age"": 27, ""jersey_number"": 20, ""is_profiled"": false, ""is_healthy"": true}",2025-08-24T09:26:21.904386
1,"{""player"": ""Elliot Anderson"", ""prop"": ""Player Yellow Cards"", ""threshold"": ""1"", ""model_prob"": 0.1813, ""final_score"": 27.7, ""suggested_stake"": 27.69, ""games_played"": 30, ""position"": ""Midfielder"", ""rate_per_game"": 0.2, ""age"": 22, ""jersey_number"": 20, ""is_profiled"": false, ""is_healthy"": true}",2025-08-24T09:26:21.904428
1,"{""player"": ""Elliot Anderson"", ""prop"": ""Player Shots"", ""threshold"": ""3"", ""model_prob"": 0.1912, ""final_score"": 31.4, ""suggested_stake"": 31.38, ""games_played"": 30, ""position"": ""Midfielder"", ""rate_per_game"": 1.5, ""age"": 22, ""jersey_number"": 20, ""is_profiled"": false, ""is_healthy"": true}",2025-08-24T09:26:21.904489
1,"{""player"": ""Elliot Anderson"", ""prop"": ""Player Shots on Target"", ""threshold"": ""1"", ""model_prob"": 0.4512, ""final_score"": 46.6, ""suggested_stake"": 46.58, ""games_played"": 30, ""position"": ""Midfielder"", ""rate_per_game"": 0.6, ""age"": 22, ""jersey_number"": 20, ""is_profiled"": false, ""is_healthy"": true}",2025-08-24T09:26:21.904530
1,"{""player"": ""Elliot Anderson"", ""prop"": ""Player Assists"", ""threshold"": ""1"", ""model_prob"": 0.2212, ""final_score"": 30.5, ""suggested_stake"": 30.48, ""games_played"": 30, ""position"": ""Midfielder"", ""rate_per_game"": 0.25, ""age"": 22, ""jersey_number"": 20, ""is_profiled"": false, ""is_healthy"": true}",2025-08-24T09:26:21.904567
1,"{""player"": ""Elliot Anderson"", ""prop"": ""Player Goals"", ""threshold"": ""1"", ""model_prob"": 0.1393, ""final_score"": 24.8, ""suggested_stake"": 25.0, ""games_played"": 30, ""position"": ""Midfielder"", ""rate_per_game"": 0.15, ""age"": 22, ""jersey_number"": 20, ""is_profiled"": false, ""is_healthy"": true}",2025-08-24T09:26:21.904600
1,"{""player"": ""Elliot Anderson"", ""prop"": ""Player Fouls"", ""threshold"": ""2"", ""model_prob"": 0.2642, ""final_score"": 33.5, ""suggested_stake"": 33.5, ""games_played"": 30, ""position"": ""Midfielder"", ""rate_per_game"": 1.0, ""age"": 22, ""jersey_number"": 20, ""is_profiled"": false, ""is_healthy"": true}",2025-08-24T09:26:21.904638
1,"{""player"": ""Ryan Yates"", ""prop"": ""Player Yellow Cards"", ""threshold"": ""1"", ""model_prob"": 0.1813, ""final_score"": 32.7, ""suggested_stake"": 32.69, ""games_played"": 30, ""position"": ""Midfielder"", ""rate_per_game"": 0.2, ""age"": 27, ""jersey_number"": 20, ""is_profiled"": false, ""is_healthy"": true}",2025-08-24T09:26:21.904680
1,"{""player"": ""Ryan Yates"", ""prop"": ""Player Shots"", ""threshold"": ""3"", ""model_prob"": 0.1912, ""final_score"": 36.4, ""suggested_stake"": 36.38, ""games_played"": 30, ""position"": ""Midfielder"", ""rate_per_game"": 1.5, ""age"": 27, ""jersey_number"": 20, ""is_profiled"": false, ""is_healthy"": true}",2025-08-24T09:26:21.904723
1,"{""player"": ""Ryan Yates"", ""prop"": ""Player Shots on Target"", ""threshold"": ""1"", ""model_prob"": 0.4512, ""final_score"": 51.6, ""suggested_stake"": 51.58, ""games_played"": 30, ""position"": ""Midfielder"", ""rate_per_game"": 0.6, ""age"": 27, ""jersey_number"": 20, ""is_profiled"": false, ""is_healthy"": true}",2025-08-24T09:26:21.904757
1,"{""player"": ""Ryan Yates"", ""prop"": ""Player Assists"", ""threshold"": ""1"", ""model_prob"": 0.2212, ""final_score"": 35.5, ""suggested_stake"": 35.48, ""games_played"": 30, ""position"": ""Midfielder"", ""rate_per_game"": 0.25, ""age"": 27, ""jersey_number"": 20, ""is_profiled"": false, ""is_healthy"": true}",2025-08-24T09:26:21.904791
1,"{""player"": ""Ryan Yates"", ""prop"": ""Player Goals"", ""threshold"": ""1"", ""model_prob"": 0.1393, ""final_score"": 29.8, ""suggested_stake"": 29.75, ""games_played"": 30, ""position"": ""Midfielder"", ""rate_per_game"": 0.15, ""age"": 27, ""jersey_number"": 20, ""is_profiled"": false, ""is_healthy"": true}",2025-08-24T09:26:21.904824
1,"{""player"": ""Ryan Yates"", ""prop"": ""Player Fouls"", ""threshold"": ""2"", ""model_prob"": 0.2642, ""final_score"": 38.5, ""suggested_stake"": 38.5, ""games_played"": 30, ""position"": ""Midfielder"", ""rate_per_game"": 1.0, ""age"": 27, ""jersey_number"": 20, ""is_profiled"": false, ""is_healthy"": true}",2025-08-24T09:26:21.904860
1,"{""player"": ""Chris Wood"", ""prop"": ""Player Yellow Cards"", ""threshold"": ""1"", ""model_prob"": 0.1393, ""final_score"": 20.8, ""suggested_stake"": 25.0, ""games_played"": 26, ""position"": ""Forward"", ""rate_per_game"": 0.15, ""age"": 33, ""jersey_number"": 20, ""is_profiled"": false, ""is_healthy"": true}",2025-08-24T09:26:21.904902
1,"{""player"": ""Chris Wood"", ""prop"": ""Player Shots"", ""threshold"": ""5"", ""model_prob"": 0.2194, ""final_score"": 31.4, ""suggested_stake"": 31.36, ""games_played"": 26, ""position"": ""Forward"", ""rate_per_game"": 3.2, ""age"": 33, ""jersey_number"": 20, ""is_profiled"": false, ""is_healthy"": true}",2025-08-24T09:26:21.904952
1,"{""player"": ""Chris Wood"", ""prop"": ""Player Shots on Target"", ""threshold"": ""3"", ""model_prob"": 0.1665, ""final_score"": 25.7, ""suggested_stake"": 25.66, ""games_played"": 26, ""position"": ""Forward"", ""rate_per_game"": 1.4, ""age"": 33, ""jersey_number"": 20, ""is_profiled"": false, ""is_healthy"": true}",2025-08-24T09:26:21.904991
1,"{""player"": ""Chris Wood"", ""prop"": ""Player Assists"", ""threshold"": ""1"", ""model_prob"": 0.1813, ""final_score"": 23.7, ""suggested_stake"": 25.0, ""games_played"": 26, ""position"": ""Forward"", ""rate_per_game"": 0.2, ""age"": 33, ""jersey_number"": 20, ""is_profiled"": false, ""is_healthy"": true}",2025-08-24T09:26:21.905026
1,"{""player"": ""Chris Wood"", ""prop"": ""Player Goals"", ""threshold"": ""1"", ""model_prob"": 0.3624, ""final_score"": 36.4, ""suggested_stake"": 36.37, ""games_played"": 26, ""position"": ""Forward"", ""rate_per_game"": 0.45, ""age"": 33, ""jersey_number"": 20, ""is_profiled"": false, ""is_healthy"": true}",2025-08-24T09:26:21.905061
1,"{""player"": ""Chris Wood"", ""prop"": ""Player Fouls"", ""threshold"": ""2"", ""model_prob"": 0.1912, ""final_score"": 24.4, ""suggested_stake"": 25.0, ""games_played"": 26, ""position"": ""Forward"", ""rate_per_game"": 0.8, ""age"": 33, ""jersey_number"": 20, ""is_profiled"": false, ""is_healthy"": true}",2025-08-24T09:26:21.905098
1,"{""player"": ""Taiwo Awoniyi"", ""prop"": ""Player Yellow Cards"", ""threshold"": ""1"", ""model_prob"": 0.1393, ""final_score"": 30.8, ""suggested_stake"": 30.75, ""games_played"": 26, ""position"": ""Forward"", ""rate_per_game"": 0.15, ""age"": 28, ""jersey_number"": 20, ""is_profiled"": false, ""is_healthy"": true}",2025-08-24T09:26:21.905140
1,"{""player"": ""Taiwo Awoniyi"", ""prop"": ""Player Shots"", ""threshold"": ""5"", ""model_prob"": 0.2194, ""final_score"": 41.4, ""suggested_stake"": 41.36, ""games_played"": 26, ""position"": ""Forward"", ""rate_per_game"": 3.2, ""age"": 28, ""jersey_number"": 20, ""is_profiled"": false, ""is_healthy"": true}",2025-08-24T09:26:21.905186
1,"{""player"": ""Taiwo Awoniyi"", ""prop"": ""Player Shots on Target"", ""threshold"": ""3"", ""model_prob"": 0.1665, ""final_score"": 35.7, ""suggested_stake"": 35.66, ""games_played"": 26, ""position"": ""Forward"", ""rate_per_game"": 1.4, ""age"": 28, ""jersey_number"": 20, ""is_profiled"": false, ""is_healthy"": true}",2025-08-24T09:26:21.905224
1,"{""player"": ""Taiwo Awoniyi"", ""prop"": ""Player Assists"", ""threshold"": ""1"", ""model_prob"": 0.1813, ""final_score"": 33.7, ""suggested_stake"": 33.69, ""games_played"": 26, ""position"": ""Forward"", ""rate_per_game"": 0.2, ""age"": 28, ""jersey_number"": 20, ""is_profiled"": false, ""is_healthy"": true}",2025-08-24T09:26:21.905258
1,"{""player"": ""Taiwo Awoniyi"", ""prop"": ""Player Goals"", ""threshold"": ""1"", ""model_prob"": 0.3624, ""final_score"": 46.4, ""suggested_stake"": 46.37, ""games_played"": 26, ""position"": ""Forward"", ""rate_per_game"": 0.45, ""age"": 28, ""jersey_number"": 20, ""is_profiled"": false, ""is_healthy"": true}",2025-08-24T09:26:21.905292
1,"{""player"": ""Taiwo Awoniyi"", ""prop"": ""Player Fouls"", ""threshold"": ""2"", ""model_prob"": 0.1912, ""final_score"": 34.4, ""suggested_stake"": 34.38, ""games_played"": 26, ""position"": ""Forward"", ""rate_per_game"": 0.8, ""age"": 28, ""jersey_number"": 20, ""is_profiled"": false, ""is_healthy"": true}",2025-08-24T09:26:21.905328
1,"{""player"": ""Emmanuel Dennis"", ""prop"": ""Player Yellow Cards"", ""threshold"": ""1"", ""model_prob"": 0.1393, ""final_score"": 30.8, ""suggested_stake"": 30.75, ""games_played"": 26, ""position"": ""Forward"", ""rate_per_game"": 0.15, ""age"": 27, ""jersey_number"": 20, ""is_profiled"": false, ""is_healthy"": true}",2025-08-24T09:26:21.905371
1,"{""player"": ""Emmanuel Dennis"", ""prop"": ""Player Shots"", ""threshold"": ""5"", ""model_prob"": 0.2194, ""final_score"": 41.4, ""suggested_stake"": 41.36, ""games_played"": 26, ""position"": ""Forward"", ""rate_per_game"": 3.2, ""age"": 27, ""jersey_number"": 20, ""is_profiled"": false, ""is_healthy"": true}",2025-08-24T09:26:21.905417
1,"{""player"": ""Emmanuel Dennis"", ""prop"": ""Player Shots on Target"", ""threshold"": ""3"", ""model_prob"": 0.1665, ""final_score"": 35.7, ""suggested_stake"": 35.66, ""games_played"": 26, ""position"": ""Forward"", ""rate_per_game"": 1.4, ""age"": 27, ""jersey_number"": 20, ""is_profiled"": false, ""is_healthy"": true}",2025-08-24T09:26:21.905454
1,"{""player"": ""Emmanuel Dennis"", ""prop"": ""Player Assists"", ""threshold"": ""1"", ""model_prob"": 0.1813, ""final_score"": 33.7, ""suggested_stake"": 33.69, ""games_played"": 26, ""position"": ""Forward"", ""rate_per_game"": 0.2, ""age"": 27, ""jersey_number"": 20, ""is_profiled"": false, ""is_healthy"": true}",2025-08-24T09:26:21.905505
1,"{""player"": ""Emmanuel Dennis"", ""prop"": ""Player Goals"", ""threshold"": ""1"", ""model_prob"": 0.3624, ""final_score"": 46.4, ""suggested_stake"": 46.37, ""games_played"": 26, ""position"": ""Forward"", ""rate_per_game"": 0.45, ""age"": 27, ""jersey_number"": 20, ""is_profiled"": false, ""is_healthy"": true}",2025-08-24T09:26:21.905542
1,"{""player"": ""Emmanuel Dennis"", ""prop"": ""Player Fouls"", ""threshold"": ""2"", ""model_prob"": 0.1912, ""final_score"": 34.4, ""suggested_stake"": 34.38, ""games_played"": 26, ""position"": ""Forward"", ""rate_per_game"": 0.8, ""age"": 27, ""jersey_number"": 20, ""is_profiled"": false, ""is_healthy"": true}",2025-08-24T09:26:21.905579
2,"{""player"": ""Mark Travers"", ""prop"": ""Player Yellow Cards"", ""threshold"": ""1"", ""model_prob"": 0.0952, ""final_score"": 24.7, ""suggested_stake"": 25.0, ""games_played"": 25, ""position"": ""Goalkeeper"", ""rate_per_game"": 0.1, ""age"": 26, ""jersey_number"": 20, ""is_profiled"": false, ""is_healthy"": true}",2025-08-24T09:26:25.750408
2,"{""player"": ""Mark Travers"", ""prop"": ""Player Fouls"", ""threshold"": ""1"", ""model_prob"": 0.2592, ""final_score"": 36.1, ""suggested_stake"": 36.14, ""games_played"": 25, ""position"": ""Goalkeeper"", ""rate_per_game"": 0.3, ""age"": 26, ""jersey_number"": 20, ""is_profiled"": false, ""is_healthy"": true}",2025-08-24T09:26:25.750476
2,"{""player"": ""Mark Travers"", ""prop"": ""Player Saves"", ""threshold"": ""5"", ""model_prob"": 0.2746, ""final_score"": 42.2, ""suggested_stake"": 42.22, ""games_played"": 25, ""position"": ""Goalkeeper"", ""rate_per_game"": 3.5, ""age"": 26, ""jersey_number"": 20, ""is_profiled"": false, ""is_healthy"": true}",2025-08-24T09:26:25.750556
2,"{""player"": ""Michael Keane"", ""prop"": ""Player Yellow Cards"", ""threshold"": ""1"", ""model_prob"": 0.2212, ""final_score"": 23.5, ""suggested_stake"": 25.0, ""games_played"": 28, ""position"": ""Defender"", ""rate_per_game"": 0.25, ""age"": 32, ""jersey_number"": 20, ""is_profiled"": false, ""is_healthy"": true}",2025-08-24T09:26:25.750636
2,"{""player"": ""Michael Keane"", ""prop"": ""Player Shots"", ""threshold"": ""2"", ""model_prob"": 0.1912, ""final_score"": 21.4, ""suggested_stake"": 25.0, ""games_played"": 28, ""position"": ""Defender"", ""rate_per_game"": 0.8, ""age"": 32, ""jersey_number"": 20, ""is_profiled"": false, ""is_healthy"": true}",2025-08-24T09:26:25.750683
2,"{""player"": ""Michael Keane"", ""prop"": ""Player Shots on Target"", ""threshold"": ""1"", ""model_prob"": 0.2592, ""final_score"": 26.1, ""suggested_stake"": 26.14, ""games_played"": 28, ""position"": ""Defender"", ""rate_per_game"": 0.3, ""age"": 32, ""jersey_number"": 20, ""is_profiled"": false, ""is_healthy"": true}",2025-08-24T09:26:25.750735
2,"{""player"": ""Michael Keane"", ""prop"": ""Player Assists"", ""threshold"": ""1"", ""model_prob"": 0.0952, ""final_score"": 14.7, ""suggested_stake"": 25.0, ""games_played"": 28, ""position"": ""Defender"", ""rate_per_game"": 0.1, ""age"": 32, ""jersey_number"": 20, ""is_profiled"": false, ""is_healthy"": true}",2025-08-24T09:26:25.750769
2,"{""player"": ""Michael Keane"", ""prop"": ""Player Goals"", ""threshold"": ""1"", ""model_prob"": 0.0488, ""final_score"": 11.4, ""suggested_stake"": 25.0, ""games_played"": 28, ""position"": ""Defender"", ""rate_per_game"": 0.05, ""age"": 32, ""jersey_number"": 20, ""is_profiled"": false, ""is_healthy"": true}",2025-08-24T09:26:25.750814
2,"{""player"": ""Michael Keane"", ""prop"": ""Player Fouls"", ""threshold"": ""2"", ""model_prob"": 0.3374, ""final_score"": 34.6, ""suggested_stake"": 34.62, ""games_played"": 28, ""position"": ""Defender"", ""rate_per_game"": 1.2, ""age"": 32, ""jersey_number"": 20, ""is_profiled"": false, ""is_healthy"": true}",2025-08-24T09:26:25.750942
2,"{""player"": ""Seamus Coleman"", ""prop"": ""Player Yellow Cards"", ""threshold"": ""1"", ""model_prob"": 0.2212, ""final_score"": 23.5, ""suggested_stake"": 25.0, ""games_played"": 28, ""position"": ""Defender"", ""rate_per_game"": 0.25, ""age"": 36, ""jersey_number"": 20, ""is_profiled"": false, ""is_healthy"": true}",2025-08-24T09:26:25.750994
2,"{""player"": ""Seamus Coleman"", ""prop"": ""Player Shots"", ""threshold"": ""2"", ""model_prob"": 0.1912, ""final_score"": 21.4, ""suggested_stake"": 25.0, ""games_played"": 28, ""position"": ""Defender"", ""rate_per_game"": 0.8, ""age"": 36, ""jersey_number"": 20, ""is_profiled"": false, ""is_healthy"": true}",2025-08-24T09:26:25.751017
2,"{""player"": ""Seamus Coleman"", ""prop"": ""Player Shots on Target"", ""threshold"": ""1"", ""model_prob"": 0.2592, ""final_score"": 26.1, ""suggested_stake"": 26.14, ""games_played"": 28, ""position"": ""Defender"", ""rate_per_game"": 0.3, ""age"": 36, ""jersey_number"": 20, ""is_profiled"": false, ""is_healthy"": true}",2025-08-24T09:26:25.751037
2,"{""player"": ""Seamus Coleman"", ""prop"": ""Player Assists"", ""threshold"": ""1"", ""model_prob"": 0.0952, ""final_score"": 14.7, ""suggested_stake"": 25.0, ""games_played"": 28, ""position"": ""Defender"", ""rate_per_game"": 0.1, ""age"": 36, ""jersey_number"": 20, ""is_profiled"": false, ""is_healthy"": true}",2025-08-24T09:26:25.751054
2,"{""player"": ""Seamus Coleman"", ""prop"": ""Player Goals"", ""threshold"": ""1"", ""model_prob"": 0.0488, ""final_score"": 11.4, ""suggested_stake"": 25.0, ""games_played"": 28, ""position"": ""Defender"", ""rate_per_game"": 0.05, ""age"": 36, ""jersey_number"": 20, ""is_profiled"": false, ""is_healthy"": true}",2025-08-24T09:26:25.751070
2,"{""player"": ""Seamus Coleman"", ""prop"": ""Player Fouls"", ""threshold"": ""2"", ""model_prob"": 0.3374, ""final_score"": 34.6, ""suggested_stake"": 34.62, ""games_played"": 28, ""position"": ""Defender"", ""rate_per_game"": 1.2, ""age"": 36, ""jersey_number"": 20, ""is_profiled"": false, ""is_healthy"": true}",2025-08-24T09:26:25.751088
2,"{""player"": ""James Tarkowski"", ""prop"": ""Player Yellow Cards"", ""threshold"": ""1"", ""model_prob"": 0.2212, ""final_score"": 23.5, ""suggested_stake"": 25.0, ""games_played"": 28, ""position"": ""Defender"", ""rate_per_game"": 0.25, ""age"": 32, ""jersey_number"": 20, ""is_profiled"": false, ""is_healthy"": true}",2025-08-24T09:26:25.751110
2,"{""player"": ""James Tarkowski"", ""prop"": ""Player Shots"", ""threshold"": ""2"", ""model_prob"": 0.1912, ""final_score"": 21.4, ""suggested_stake"": 25.0, ""games_played"": 28, ""position"": ""Defender"", ""rate_per_game"": 0.8, ""age"": 32, ""jersey_number"": 20, ""is_profiled"": false, ""is_healthy"": true}",2025-08-24T09:26:25.751129
2,"{""player"": ""James Tarkowski"", ""prop"": ""Player Shots on Target"", ""threshold"": ""1"", ""model_prob"": 0.2592, ""final_score"": 26.1, ""suggested_stake"": 26.14, ""games_played"": 28, ""position"": ""Defender"", ""rate_per_game"": 0.3, ""age"": 32, ""jersey_number"": 20, ""is_profiled"": false, ""is_healthy"": true}",2025-08-24T09:26:25.751146
2,"{""player"": ""James Tarkowski"", ""prop"": ""Player Assists"", ""threshold"": ""1"", ""model_prob"": 0.0952, ""final_score"": 14.7, ""suggested_stake"": 25.0, ""games_played"": 28, ""position"": ""Defender"", ""rate_per_game"": 0.1, ""age"": 32, ""jersey_number"": 20, ""is_profiled"": false, ""is_healthy"": true}",2025-08-24T09:26:25.751161
2,"{""player"": ""James Tarkowski"", ""prop"": ""Player Goals"", ""threshold"": ""1"", ""model_prob"": 0.0488, ""final_score"": 11.4, ""suggested_stake"": 25.0, ""games_played"": 28, ""position"": ""Defender"", ""rate_per_game"": 0.05, ""age"": 32, ""jersey_number"": 20, ""is_profiled"": false, ""is_healthy"": true}",2025-08-24T09:26:25.751177
2,"{""player"": ""James Tarkowski"", ""prop"": ""Player Fouls"", ""threshold"": ""2"", ""model_prob"": 0.3374, ""final_score"": 34.6, ""suggested_stake"": 34.62, ""games_played"": 28, ""position"": ""Defender"", ""rate_per_game"": 1.2, ""age"": 32, ""jersey_number"": 20, ""is_profiled"": false, ""is_healthy"": true}",2025-08-24T09:26:25.751227
2,"{""player"": ""Vitaliy Mykolenko"", ""prop"": ""Player Yellow Cards"", ""threshold"": ""1"", ""model_prob"": 0.2212, ""final_score"": 33.5, ""suggested_stake"": 33.48, ""games_played"": 28, ""position"": ""Defender"", ""rate_per_game"": 0.25, ""age"": 26, ""jersey_number"": 20, ""is_profiled"": false, ""is_healthy"": true}",2025-08-24T09:26:25.751248
2,"{""player"": ""Vitaliy Mykolenko"", ""prop"": ""Player Shots"", ""threshold"": ""2"", ""model_prob"": 0.1912, ""final_score"": 31.4, ""suggested_stake"": 31.38, ""games_played"": 28, ""position"": ""Defender"", ""rate_per_game"": 0.8, ""age"": 26, ""jersey_number"": 20, ""is_profiled"": false, ""is_healthy"": true}",2025-08-24T09:26:25.751265
2,"{""player"": ""Vitaliy Mykolenko"", ""prop"": ""Player Shots on Target"", ""threshold"": ""1"", ""model_prob"": 0.2592, ""final_score"": 36.1, ""suggested_stake"": 36.14, ""games_played"": 28, ""position"": ""Defender"", ""rate_per_game"": 0.3, ""age"": 26, ""jersey_number"": 20, ""is_profiled"": false, ""is_healthy"": true}",2025-08-24T09:26:25.751282
2,"{""player"": ""Vitaliy Mykolenko"", ""prop"": ""Player Assists"", ""threshold"": ""1"", ""model_prob"": 0.0952, ""final_score"": 24.7, ""suggested_stake"": 25.0, ""games_played"": 28, ""position"": ""Defender"", ""rate_per_game"": 0.1, ""age"": 26, ""jersey_number"": 20, ""is_profiled"": false, ""is_healthy"": true}",2025-08-24T09:26:25.751297
2,"{""player"": ""Vitaliy Mykolenko"", ""prop"": ""Player Goals"", ""threshold"": ""1"", ""model_prob"": 0.0488, ""final_score"": 21.4, ""suggested_stake"": 25.0, ""games_played"": 28, ""position"": ""Defender"", ""rate_per_game"": 0.05, ""age"": 26, ""jersey_number"": 20, ""is_profiled"": false, ""is_healthy"": true}",2025-08-24T09:26:25.751312
2,"{""player"": ""Vitaliy Mykolenko"", ""prop"": ""Player Fouls"", ""threshold"": ""2"", ""model_prob"": 0.3374, ""final_score"": 44.6, ""suggested_stake"": 44.62, ""games_played"": 28, ""position"": ""Defender"", ""rate_per_game"": 1.2, ""age"": 26, ""jersey_number"": 20, ""is_profiled"": false, ""is_healthy"": true}",2025-08-24T09:26:25.751330
2,"{""player"": ""Idrissa Gueye"", ""prop"": ""Player Yellow Cards"", ""threshold"": ""1"", ""model_prob"": 0.1813, ""final_score"": 22.7, ""suggested_stake"": 25.0, ""games_played"": 30, ""position"": ""Midfielder"", ""rate_per_game"": 0.2, ""age"": 35, ""jersey_number"": 20, ""is_profiled"": false, ""is_healthy"": true}",2025-08-24T09:26:25.751351
2,"{""player"": ""Idrissa Gueye"", ""prop"": ""Player Shots"", ""threshold"": ""3"", ""model_prob"": 0.1912, ""final_score"": 26.4, ""suggested_stake"": 26.38, ""games_played"": 30, ""position"": ""Midfielder"", ""rate_per_game"": 1.5, ""age"": 35, ""jersey_number"": 20, ""is_profiled"": false, ""is_healthy"": true}",2025-08-24T09:26:25.751372
2,"{""player"": ""Idrissa Gueye"", ""prop"": ""Player Shots on Target"", ""threshold"": ""1"", ""model_prob"": 0.4512, ""final_score"": 41.6, ""suggested_stake"": 41.58, ""games_played"": 30, ""position"": ""Midfielder"", ""rate_per_game"": 0.6, ""age"": 35, ""jersey_number"": 20, ""is_profiled"": false, ""is_healthy"": true}",2025-08-24T09:26:25.751389
2,"{""player"": ""Idrissa Gueye"", ""prop"": ""Player Assists"", ""threshold"": ""1"", ""model_prob"": 0.2212, ""final_score"": 25.5, ""suggested_stake"": 25.48, ""games_played"": 30, ""position"": ""Midfielder"", ""rate_per_game"": 0.25, ""age"": 35, ""jersey_number"": 20, ""is_profiled"": false, ""is_healthy"": true}",2025-08-24T09:26:25.751405
2,"{""player"": ""Idrissa Gueye"", ""prop"": ""Player Goals"", ""threshold"": ""1"", ""model_prob"": 0.1393, ""final_score"": 19.8, ""suggested_stake"": 25.0, ""games_played"": 30, ""position"": ""Midfielder"", ""rate_per_game"": 0.15, ""age"": 35, ""jersey_number"": 20, ""is_profiled"": false, ""is_healthy"": true}",2025-08-24T09:26:25.751421
2,"{""player"": ""Idrissa Gueye"", ""prop"": ""Player Fouls"", ""threshold"": ""2"", ""model_prob"": 0.2642, ""final_score"": 28.5, ""suggested_stake"": 28.5, ""games_played"": 30, ""position"": ""Midfielder"", ""rate_per_game"": 1.0, ""age"": 35, ""jersey_number"": 20, ""is_profiled"": false, ""is_healthy"": true}",2025-08-24T09:26:25.751439
2,"{""player"": ""Jack Grealish"", ""prop"": ""Player Yellow Cards"", ""threshold"": ""1"", ""model_prob"": 0.1813, ""final_score"": 27.7, ""suggested_stake"": 27.69, ""games_played"": 30, ""position"": ""Midfielder"", ""rate_per_game"": 0.2, ""age"": 29, ""jersey_number"": 20, ""is_profiled"": false, ""is_healthy"": true}",2025-08-24T09:26:25.751494
2,"{""player"": ""Jack Grealish"", ""prop"": ""Player Shots"", ""threshold"": ""3"", ""model_prob"": 0.1912, ""final_score"": 31.4, ""suggested_stake"": 31.38, ""games_played"": 30, ""position"": ""Midfielder"", ""rate_per_game"": 1.5, ""age"": 29, ""jersey_number"": 20, ""is_profiled"": false, ""is_healthy"": true}",2025-08-24T09:26:25.751514
2,"{""player"": ""Jack Grealish"", ""prop"": ""Player Shots on Target"", ""threshold"": ""1"", ""model_prob"": 0.4512, ""final_score"": 46.6, ""suggested_stake"": 46.58, ""games_played"": 30, ""position"": ""Midfielder"", ""rate_per_game"": 0.6, ""age"": 29, ""jersey_number"": 20, ""is_profiled"": false, ""is_healthy"": true}",2025-08-24T09:26:25.751531
2,"{""player"": ""Jack Grealish"", ""prop"": ""Player Assists"", ""threshold"": ""1"", ""model_prob"": 0.2212, ""final_score"": 30.5, ""suggested_stake"": 30.48, ""games_played"": 30, ""position"": ""Midfielder"", ""rate_per_game"": 0.25, ""age"": 29, ""jersey_number"": 20, ""is_profiled"": false, ""is_healthy"": true}",2025-08-24T09:26:25.751548
2,"{""player"": ""Jack Grealish"", ""prop"": ""Player Goals"", ""threshold"": ""1"", ""model_prob"": 0.1393, ""final_score"": 24.8, ""suggested_stake"": 25.0, ""games_played"": 30, ""position"": ""Midfielder"", ""rate_per_game"": 0.15, ""age"": 29, ""jersey_number"": 20, ""is_profiled"": false, ""is_healthy"": true}",2025-08-24T09:26:25.751563
2,"{""player"": ""Jack Grealish"", ""prop"": ""Player Fouls"", ""threshold"": ""2"", ""model_prob"": 0.2642, ""final_score"": 33.5, ""suggested_stake"": 33.5, ""games_played"": 30, ""position"": ""Midfielder"", ""rate_per_game"": 1.0, ""age"": 29, ""jersey_number"": 20, ""is_profiled"": false, ""is_healthy"": true}",2025-08-24T09:26:25.751581
2,"{""player"": ""Kiernan Dewsbury-Hall"", ""prop"": ""Player Yellow Cards"", ""threshold"": ""1"", ""model_prob"": 0.1813, ""final_score"": 32.7, ""suggested_stake"": 32.69, ""games_played"": 30, ""position"": ""Midfielder"", ""rate_per_game"": 0.2, ""age"": 26, ""jersey_number"": 20, ""is_profiled"": false, ""is_healthy"": true}",2025-08-24T09:26:25.751601
2,"{""player"": ""Kiernan Dewsbury-Hall"", ""prop"": ""Player Shots"", ""threshold"": ""3"", ""model_prob"": 0.1912, ""final_score"": 36.4, ""suggested_stake"": 36.38, ""games_played"": 30, ""position"": ""Midfielder"", ""rate_per_game"": 1.5, ""age"": 26, ""jersey_number"": 20, ""is_profiled"": false, ""is_healthy"": true}",2025-08-24T09:26:25.751621
2,"{""player"": ""Kiernan Dewsbury-Hall"", ""prop"": ""Player Shots on Target"", ""threshold"": ""1"", ""model_prob"": 0.4512, ""final_score"": 51.6, ""suggested_stake"": 51.58, ""games_played"": 30, ""position"": ""Midfielder"", ""rate_per_game"": 0.6, ""age"": 26, ""jersey_number"": 20, ""is_profiled"": false, ""is_healthy"": true}",2025-08-24T09:26:25.751638
2,"{""player"": ""Kiernan Dewsbury-Hall"", ""prop"": ""Player Assists"", ""threshold"": ""1"", ""model_prob"": 0.2212, ""final_score"": 35.5, ""suggested_stake"": 35.48, ""games_played"": 30, ""position"": ""Midfielder"", ""rate_per_game"": 0.25, ""age"": 26, ""jersey_number"": 20, ""is_profiled"": false, ""is_healthy"": true}",2025-08-24T09:26:25.751655
2,"{""player"": ""Kiernan Dewsbury-Hall"", ""prop"": ""Player Goals"", ""threshold"": ""1"", ""model_prob"": 0.1393, ""final_score"": 29.8, ""suggested_stake"": 29.75, ""games_played"": 30, ""position"": ""Midfielder"", ""rate_per_game"": 0.15, ""age"": 26, ""jersey_number"": 20, ""is_profiled"": false, ""is_healthy"": true}",2025-08-24T09:26:25.751670
2,"{""player"": ""Kiernan Dewsbury-Hall"", ""prop"": ""Player Fouls"", ""threshold"": ""2"", ""model_prob"": 0.2642, ""final_score"": 38.5, ""suggested_stake"": 38.5, ""games_played"": 30, ""position"": ""Midfielder"", ""rate_per_game"": 1.0, ""age"": 26, ""jersey_number"": 20, ""is_profiled"": false, ""is_healthy"": true}",2025-08-24T09:26:25.751687
2,"{""player"": ""Iliman Ndiaye"", ""prop"": ""Player Yellow Cards"", ""threshold"": ""1"", ""model_prob"": 0.1393, ""final_score"": 30.8, ""suggested_stake"": 30.75, ""games_played"": 26, ""position"": ""Forward"", ""rate_per_game"": 0.15, ""age"": 25, ""jersey_number"": 20, ""is_profiled"": false, ""is_healthy"": true}",2025-08-24T09:26:25.751707
2,"{""player"": ""Iliman Ndiaye"", ""prop"": ""Player Shots"", ""threshold"": ""5"", ""model_prob"": 0.2194, ""final_score"": 41.4, ""suggested_stake"": 41.36, ""games_played"": 26, ""position"": ""Forward"", ""rate_per_game"": 3.2, ""age"": 25, ""jersey_number"": 20, ""is_profiled"": false, ""is_healthy"": true}",2025-08-24T09:26:25.751749
2,"{""player"": ""Iliman Ndiaye"", ""prop"": ""Player Shots on Target"", ""threshold"": ""3"", ""model_prob"": 0.1665, ""final_score"": 35.7, ""suggested_stake"": 35.66, ""games_played"": 26, ""position"": ""Forward"", ""rate_per_game"": 1.4, ""age"": 25, ""jersey_number"": 20, ""is_profiled"": false, ""is_healthy"": true}",2025-08-24T09:26:25.751781
2,"{""player"": ""Iliman Ndiaye"", ""prop"": ""Player Assists"", ""threshold"": ""1"", ""model_prob"": 0.1813, ""final_score"": 33.7, ""suggested_stake"": 33.69, ""games_played"": 26, ""position"": ""Forward"", ""rate_per_game"": 0.2, ""age"": 25, ""jersey_number"": 20, ""is_profiled"": false, ""is_healthy"": true}",2025-08-24T09:26:25.751798
2,"{""player"": ""Iliman Ndiaye"", ""prop"": ""Player Goals"", ""threshold"": ""1"", ""model_prob"": 0.3624, ""final_score"": 46.4, ""suggested_stake"": 46.37, ""games_played"": 26, ""position"": ""Forward"", ""rate_per_game"": 0.45, ""age"": 25, ""jersey_number"": 20, ""is_profiled"": false, ""is_healthy"": true}",2025-08-24T09:26:25.751814
2,"{""player"": ""Iliman Ndiaye"", ""prop"": ""Player Fouls"", ""threshold"": ""2"", ""model_prob"": 0.1912, ""final_score"": 34.4, ""suggested_stake"": 34.38, ""games_played"": 26, ""position"": ""Forward"", ""rate_per_game"": 0.8, ""age"": 25, ""jersey_number"": 20, ""is_profiled"": false, ""is_healthy"": true}",2025-08-24T09:26:25.751831
2,"{""player"": ""Dwight McNeil"", ""prop"": ""Player Yellow Cards"", ""threshold"": ""1"", ""model_prob"": 0.1393, ""final_score"": 30.8, ""suggested_stake"": 30.75, ""games_played"": 26, ""position"": ""Forward"", ""rate_per_game"": 0.15, ""age"": 25, ""jersey_number"": 20, ""is_profiled"": false, ""is_healthy"": true}",2025-08-24T09:26:25.751850
2,"{""player"": ""Dwight McNeil"", ""prop"": ""Player Shots"", ""threshold"": ""5"", ""model_prob"": 0.2194, ""final_score"": 41.4, ""suggested_stake"": 41.36, ""games_played"": 26, ""position"": ""Forward"", ""rate_per_game"": 3.2, ""age"": 25, ""jersey_number"": 20, ""is_profiled"": false, ""is_healthy"": true}",2025-08-24T09:26:25.751872
2,"{""player"": ""Dwight McNeil"", ""prop"": ""Player Shots on Target"", ""threshold"": ""3"", ""model_prob"": 0.1665, ""final_score"": 35.7, ""suggested_stake"": 35.66, ""games_played"": 26, ""position"": ""Forward"", ""rate_per_game"": 1.4, ""age"": 25, ""jersey_number"": 20, ""is_profiled"": false, ""is_healthy"": true}",2025-08-24T09:26:25.751891
2,"{""player"": ""Dwight McNeil"", ""prop"": ""Player Assists"", ""threshold"": ""1"", ""model_prob"": 0.1813, ""final_score"": 33.7, ""suggested_stake"": 33.69, ""games_played"": 26, ""position"": ""Forward"", ""rate_per_game"": 0.2, ""age"": 25, ""jersey_number"": 20, ""is_profiled"": false, ""is_healthy"": true}",2025-08-24T09:26:25.751907
2,"{""player"": ""Dwight McNeil"", ""prop"": ""Player Goals"", ""threshold"": ""1"", ""model_prob"": 0.3624, ""final_score"": 46.4, ""suggested_stake"": 46.37, ""games_played"": 26, ""position"": ""Forward"", ""rate_per_game"": 0.45, ""age"": 25, ""jersey_number"": 20, ""is_profiled"": false, ""is_healthy"": true}",2025-08-24T09:26:25.751922
2,"{""player"": ""Dwight McNeil"", ""prop"": ""Player Fouls"", ""threshold"": ""2"", ""model_prob"": 0.1912, ""final_score"": 34.4, ""suggested_stake"": 34.38, ""games_played"": 26, ""position"": ""Forward"", ""rate_per_game"": 0.8, ""age"": 25, ""jersey_number"": 20, ""is_profiled"": false, ""is_healthy"": true}",2025-08-24T09:26:25.751940
2,"{""player"": ""Beto"", ""prop"": ""Player Yellow Cards"", ""threshold"": ""1"", ""model_prob"": 0.1393, ""final_score"": 30.8, ""suggested_stake"": 30.75, ""games_played"": 26, ""position"": ""Forward"", ""rate_per_game"": 0.15, ""age"": 27, ""jersey_number"": 20, ""is_profiled"": false, ""is_healthy"": true}",2025-08-24T09:26:25.751959
2,"{""player"": ""Beto"", ""prop"": ""Player Shots"", ""threshold"": ""5"", ""model_prob"": 0.2194, ""final_score"": 41.4, ""suggested_stake"": 41.36, ""games_played"": 26, ""position"": ""Forward"", ""rate_per_game"": 3.2, ""age"": 27, ""jersey_number"": 20, ""is_profiled"": false, ""is_healthy"": true}",2025-08-24T09:26:25.751981
2,"{""player"": ""Beto"", ""prop"": ""Player Shots on Target"", ""threshold"": ""3"", ""model_prob"": 0.1665, ""final_score"": 35.7, ""suggested_stake"": 35.66, ""games_played"": 26, ""position"": ""Forward"", ""rate_per_game"": 1.4, ""age"": 27, ""jersey_number"": 20, ""is_profiled"": false, ""is_healthy"": true}",2025-08-24T09:26:25.752018
2,"{""player"": ""Beto"", ""prop"": ""Player Assists"", ""threshold"": ""1"", ""model_prob"": 0.1813, ""final_score"": 33.7, ""suggested_stake"": 33.69, ""games_played"": 26, ""position"": ""Forward"", ""rate_per_game"": 0.2, ""age"": 27, ""jersey_number"": 20, ""is_profiled"": false, ""is_healthy"": true}",2025-08-24T09:26:25.752035
2,"{""player"": ""Beto"", ""prop"": ""Player Goals"", ""threshold"": ""1"", ""model_prob"": 0.3624, ""final_score"": 46.4, ""suggested_stake"": 46.37, ""games_played"": 26, ""position"": ""Forward"", ""rate_per_game"": 0.45, ""age"": 27, ""jersey_number"": 20, ""is_profiled"": false, ""is_healthy"": true}",2025-08-24T09:26:25.752065
2,"{""player"": ""Beto"", ""prop"": ""Player Fouls"", ""threshold"": ""2"", ""model_prob"": 0.1912, ""final_score"": 34.4, ""suggested_stake"": 34.38, ""games_played"": 26, ""position"": ""Forward"", ""rate_per_game"": 0.8, ""age"": 27, ""jersey_number"": 20, ""is_profiled"": false, ""is_healthy"": true}",2025-08-24T09:26:25.752082
2,"{""player"": ""Jason Steele"", ""prop"": ""Player Yellow Cards"", ""threshold"": ""1"", ""model_prob"": 0.0952, ""final_score"": 14.7, ""suggested_stake"": 25.0, ""games_played"": 25, ""position"": ""Goalkeeper"", ""rate_per_game"": 0.1, ""age"": 35, ""jersey_number"": 20, ""is_profiled"": false, ""is_healthy"": true}",2025-08-24T09:26:25.752102
2,"{""player"": ""Jason Steele"", ""prop"": ""Player Fouls"", ""threshold"": ""1"", ""model_prob"": 0.2592, ""final_score"": 26.1, ""suggested_stake"": 26.14, ""games_played"": 25, ""position"": ""Goalkeeper"", ""rate_per_game"": 0.3, ""age"": 35, ""jersey_number"": 20, ""is_profiled"": false, ""is_healthy"": true}",2025-08-24T09:26:25.752118
2,"{""player"": ""Jason Steele"", ""prop"": ""Player Saves"", ""threshold"": ""5"", ""model_prob"": 0.2746, ""final_score"": 32.2, ""suggested_stake"": 32.22, ""games_played"": 25, ""position"": ""Goalkeeper"", ""rate_per_game"": 3.5, ""age"": 35, ""jersey_number"": 20, ""is_profiled"": false, ""is_healthy"": true}",2025-08-24T09:26:25.752144
2,"{""player"": ""Adam Webster"", ""prop"": ""Player Yellow Cards"", ""threshold"": ""1"", ""model_prob"": 0.2212, ""final_score"": 28.5, ""suggested_stake"": 28.48, ""games_played"": 28, ""position"": ""Defender"", ""rate_per_game"": 0.25, ""age"": 30, ""jersey_number"": 20, ""is_profiled"": false, ""is_healthy"": true}",2025-08-24T09:26:25.752164
2,"{""player"": ""Adam Webster"", ""prop"": ""Player Shots"", ""threshold"": ""2"", ""model_prob"": 0.1912, ""final_score"": 26.4, ""suggested_stake"": 26.38, ""games_played"": 28, ""position"": ""Defender"", ""rate_per_game"": 0.8, ""age"": 30, ""jersey_number"": 20, ""is_profiled"": false, ""is_healthy"": true}",2025-08-24T09:26:25.752181
2,"{""player"": ""Adam Webster"", ""prop"": ""Player Shots on Target"", ""threshold"": ""1"", ""model_prob"": 0.2592, ""final_score"": 31.1, ""suggested_stake"": 31.14, ""games_played"": 28, ""position"": ""Defender"", ""rate_per_game"": 0.3, ""age"": 30, ""jersey_number"": 20, ""is_profiled"": false, ""is_healthy"": true}",2025-08-24T09:26:25.752198
2,"{""player"": ""Adam Webster"", ""prop"": ""Player Assists"", ""threshold"": ""1"", ""model_prob"": 0.0952, ""final_score"": 19.7, ""suggested_stake"": 25.0, ""games_played"": 28, ""position"": ""Defender"", ""rate_per_game"": 0.1, ""age"": 30, ""jersey_number"": 20, ""is_profiled"": false, ""is_healthy"": true}",2025-08-24T09:26:25.752213
2,"{""player"": ""Adam Webster"", ""prop"": ""Player Goals"", ""threshold"": ""1"", ""model_prob"": 0.0488, ""final_score"": 16.4, ""suggested_stake"": 25.0, ""games_played"": 28, ""position"": ""Defender"", ""rate_per_game"": 0.05, ""age"": 30, ""jersey_number"": 20, ""is_profiled"": false, ""is_healthy"": true}",2025-08-24T09:26:25.752228
2,"{""player"": ""Adam Webster"", ""prop"": ""Player Fouls"", ""threshold"": ""2"", ""model_prob"": 0.3374, ""final_score"": 39.6, ""suggested_stake"": 39.62, ""games_played"": 28, ""position"": ""Defender"", ""rate_per_game"": 1.2, ""age"": 30, ""jersey_number"": 20, ""is_profiled"": false, ""is_healthy"": true}",2025-08-24T09:26:25.752245
2,"{""player"": ""Lewis Dunk"", ""prop"": ""Player Yellow Cards"", ""threshold"": ""1"", ""model_prob"": 0.2212, ""final_score"": 23.5, ""suggested_stake"": 25.0, ""games_played"": 28, ""position"": ""Defender"", ""rate_per_game"": 0.25, ""age"": 33, ""jersey_number"": 20, ""is_profiled"": false, ""is_healthy"": true}",2025-08-24T09:26:25.752265
2,"{""player"": ""Lewis Dunk"", ""prop"": ""Player Shots"", ""threshold"": ""2"", ""model_prob"": 0.1912, ""final_score"": 21.4, ""suggested_stake"": 25.0, ""games_played"": 28, ""position"": ""Defender"", ""rate_per_game"": 0.8, ""age"": 33, ""jersey_number"": 20, ""is_profiled"": false, ""is_healthy"": true}",2025-08-24T09:26:25.752282
2,"{""player"": ""Lewis Dunk"", ""prop"": ""Player Shots on Target"", ""threshold"": ""1"", ""model_prob"": 0.2592, ""final_score"": 26.1, ""suggested_stake"": 26.14, ""games_played"": 28, ""position"": ""Defender"", ""rate_per_game"": 0.3, ""age"": 33, ""jersey_number"": 20, ""is_profiled"": false, ""is_healthy"": true}",2025-08-24T09:26:25.752299
2,"{""player"": ""Lewis Dunk"", ""prop"": ""Player Assists"", ""threshold"": ""1"", ""model_prob"": 0.0952, ""final_score"": 14.7, ""suggested_stake"": 25.0, ""games_played"": 28, ""position"": ""Defender"", ""rate_per_game"": 0.1, ""age"": 33, ""jersey_number"": 20, ""is_profiled"": false, ""is_healthy"": true}",2025-08-24T09:26:25.752314
2,"{""player"": ""Lewis Dunk"", ""prop"": ""Player Goals"", ""threshold"": ""1"", ""model_prob"": 0.0488, ""final_score"": 11.4, ""suggested_stake"": 25.0, ""games_played"": 28, ""position"": ""Defender"", ""rate_per_game"": 0.05, ""age"": 33, ""jersey_number"": 20, ""is_profiled"": false, ""is_healthy"": true}",2025-08-24T09:26:25.752328
2,"{""player"": ""Lewis Dunk"", ""prop"": ""Player Fouls"", ""threshold"": ""2"", ""model_prob"": 0.3374, ""final_score"": 34.6, ""suggested_stake"": 34.62, ""games_played"": 28, ""position"": ""Defender"", ""rate_per_game"": 1.2, ""age"": 33, ""jersey_number"": 20, ""is_profiled"": false, ""is_healthy"": true}",2025-08-24T09:26:25.752348
2,"{""player"": ""Jo\u00ebl Veltman"", ""prop"": ""Player Yellow Cards"", ""threshold"": ""1"", ""model_prob"": 0.2212, ""final_score"": 23.5, ""suggested_stake"": 25.0, ""games_played"": 28, ""position"": ""Defender"", ""rate_per_game"": 0.25, ""age"": 33, ""jersey_number"": 20, ""is_profiled"": false, ""is_healthy"": true}",2025-08-24T09:26:25.752369
2,"{""player"": ""Jo\u00ebl Veltman"", ""prop"": ""Player Shots"", ""threshold"": ""2"", ""model_prob"": 0.1912, ""final_score"": 21.4, ""suggested_stake"": 25.0, ""games_played"": 28, ""position"": ""Defender"", ""rate_per_game"": 0.8, ""age"": 33, ""jersey_number"": 20, ""is_profiled"": false, ""is_healthy"": true}",2025-08-24T09:26:25.752388
2,"{""player"": ""Jo\u00ebl Veltman"", ""prop"": ""Player Shots on Target"", ""threshold"": ""1"", ""model_prob"": 0.2592, ""final_score"": 26.1, ""suggested_stake"": 26.14, ""games_played"": 28, ""position"": ""Defender"", ""rate_per_game"": 0.3, ""age"": 33, ""jersey_number"": 20, ""is_profiled"": false, ""is_healthy"": true}",2025-08-24T09:26:25.752412
2,"{""player"": ""Jo\u00ebl Veltman"", ""prop"": ""Player Assists"", ""threshold"": ""1"", ""model_prob"": 0.0952, ""final_score"": 14.7, ""suggested_stake"": 25.0, ""games_played"": 28, ""position"": ""Defender"", ""rate_per_game"": 0.1, ""age"": 33, ""jersey_number"": 20, ""is_profiled"": false, ""is_healthy"": true}",2025-08-24T09:26:25.752428
2,"{""player"": ""Jo\u00ebl Veltman"", ""prop"": ""Player Goals"", ""threshold"": ""1"", ""model_prob"": 0.0488, ""final_score"": 11.4, ""suggested_stake"": 25.0, ""games_played"": 28, ""position"": ""Defender"", ""rate_per_game"": 0.05, ""age"": 33, ""jersey_number"": 20, ""is_profiled"": false, ""is_healthy"": true}",2025-08-24T09:26:25.752443
2,"{""player"": ""Jo\u00ebl Veltman"", ""prop"": ""Player Fouls"", ""threshold"": ""2"", ""model_prob"": 0.3374, ""final_score"": 34.6, ""suggested_stake"": 34.62, ""games_played"": 28, ""position"": ""Defender"", ""rate_per_game"": 1.2, ""age"": 33, ""jersey_number"": 20, ""is_profiled"": false, ""is_healthy"": true}",2025-08-24T09:26:25.752461
2,"{""player"": ""Olivier Boscagli"", ""prop"": ""Player Yellow Cards"", ""threshold"": ""1"", ""model_prob"": 0.2212, ""final_score"": 33.5, ""suggested_stake"": 33.48, ""games_played"": 28, ""position"": ""Defender"", ""rate_per_game"": 0.25, ""age"": 27, ""jersey_number"": 20, ""is_profiled"": false, ""is_healthy"": true}",2025-08-24T09:26:25.752481
2,"{""player"": ""Olivier Boscagli"", ""prop"": ""Player Shots"", ""threshold"": ""2"", ""model_prob"": 0.1912, ""final_score"": 31.4, ""suggested_stake"": 31.38, ""games_played"": 28, ""position"": ""Defender"", ""rate_per_game"": 0.8, ""age"": 27, ""jersey_number"": 20, ""is_profiled"": false, ""is_healthy"": true}",2025-08-24T09:26:25.752499
2,"{""player"": ""Olivier Boscagli"", ""prop"": ""Player Shots on Target"", ""threshold"": ""1"", ""model_prob"": 0.2592, ""final_score"": 36.1, ""suggested_stake"": 36.14, ""games_played"": 28, ""position"": ""Defender"", ""rate_per_game"": 0.3, ""age"": 27, ""jersey_number"": 20, ""is_profiled"": false, ""is_healthy"": true}",2025-08-24T09:26:25.752515
2,"{""player"": ""Olivier Boscagli"", ""prop"": ""Player Assists"", ""threshold"": ""1"", ""model_prob"": 0.0952, ""final_score"": 24.7, ""suggested_stake"": 25.0, ""games_played"": 28, ""position"": ""Defender"", ""rate_per_game"": 0.1, ""age"": 27, ""jersey_number"": 20, ""is_profiled"": false, ""is_healthy"": true}",2025-08-24T09:26:25.752530
2,"{""player"": ""Olivier Boscagli"", ""prop"": ""Player Goals"", ""threshold"": ""1"", ""model_prob"": 0.0488, ""final_score"": 21.4, ""suggested_stake"": 25.0, ""games_played"": 28, ""position"": ""Defender"", ""rate_per_game"": 0.05, ""age"": 27, ""jersey_number"": 20, ""is_profiled"": false, ""is_healthy"": true}",2025-08-24T09:26:25.752544
2,"{""player"": ""Olivier Boscagli"", ""prop"": ""Player Fouls"", ""threshold"": ""2"", ""model_prob"": 0.3374, ""final_score"": 44.6, ""suggested_stake"": 44.62, ""games_played"": 28, ""position"": ""Defender"", ""rate_per_game"": 1.2, ""age"": 27, ""jersey_number"": 20, ""is_profiled"": false, ""is_healthy"": true}",2025-08-24T09:26:25.752561
2,"{""player"": ""Julio Enciso"", ""prop"": ""Player Yellow Cards"", ""threshold"": ""1"", ""model_prob"": 0.1813, ""final_score"": 27.7, ""suggested_stake"": 27.69, ""games_played"": 30, ""position"": ""Midfielder"", ""rate_per_game"": 0.2, ""age"": 21, ""jersey_number"": 20, ""is_profiled"": false, ""is_healthy"": true}",2025-08-24T09:26:25.752581
2,"{""player"": ""Julio Enciso"", ""prop"": ""Player Shots"", ""threshold"": ""3"", ""model_prob"": 0.1912, ""final_score"": 31.4, ""suggested_stake"": 31.38, ""games_played"": 30, ""position"": ""Midfielder"", ""rate_per_game"": 1.5, ""age"": 21, ""jersey_number"": 20, ""is_profiled"": false, ""is_healthy"": true}",2025-08-24T09:26:25.752601
2,"{""player"": ""Julio Enciso"", ""prop"": ""Player Shots on Target"", ""threshold"": ""1"", ""model_prob"": 0.4512, ""final_score"": 46.6, ""suggested_stake"": 46.58, ""games_played"": 30, ""position"": ""Midfielder"", ""rate_per_game"": 0.6, ""age"": 21, ""jersey_number"": 20, ""is_profiled"": false, ""is_healthy"": true}",2025-08-24T09:26:25.752629
2,"{""player"": ""Julio Enciso"", ""prop"": ""Player Assists"", ""threshold"": ""1"", ""model_prob"": 0.2212, ""final_score"": 30.5, ""suggested_stake"": 30.48, ""games_played"": 30, ""position"": ""Midfielder"", ""rate_per_game"": 0.25, ""age"": 21, ""jersey_number"": 20, ""is_profiled"": false, ""is_healthy"": true}",2025-08-24T09:26:25.752649
2,"{""player"": ""Julio Enciso"", ""prop"": ""Player Goals"", ""threshold"": ""1"", ""model_prob"": 0.1393, ""final_score"": 24.8, ""suggested_stake"": 25.0, ""games_played"": 30, ""position"": ""Midfielder"", ""rate_per_game"": 0.15, ""age"": 21, ""jersey_number"": 20, ""is_profiled"": false, ""is_healthy"": true}",2025-08-24T09:26:25.752664
2,"{""player"": ""Julio Enciso"", ""prop"": ""Player Fouls"", ""threshold"": ""2"", ""model_prob"": 0.2642, ""final_score"": 33.5, ""suggested_stake"": 33.5, ""games_played"": 30, ""position"": ""Midfielder"", ""rate_per_game"": 1.0, ""age"": 21, ""jersey_number"": 20, ""is_profiled"": false, ""is_healthy"": true}",2025-08-24T09:26:25.752681
2,"{""player"": ""James Milner"", ""prop"": ""Player Yellow Cards"", ""threshold"": ""1"", ""model_prob"": 0.1813, ""final_score"": 22.7, ""suggested_stake"": 25.0, ""games_played"": 30, ""position"": ""Midfielder"", ""rate_per_game"": 0.2, ""age"": 39, ""jersey_number"": 20, ""is_profiled"": false, ""is_healthy"": true}",2025-08-24T09:26:25.752701
2,"{""player"": ""James Milner"", ""prop"": ""Player Shots"", ""threshold"": ""3"", ""model_prob"": 0.1912, ""final_score"": 26.4, ""suggested_stake"": 26.38, ""games_played"": 30, ""position"": ""Midfielder"", ""rate_per_game"": 1.5, ""age"": 39, ""jersey_number"": 20, ""is_profiled"": false, ""is_healthy"": true}",2025-08-24T09:26:25.752720
2,"{""player"": ""James Milner"", ""prop"": ""Player Shots on Target"", ""threshold"": ""1"", ""model_prob"": 0.4512, ""final_score"": 41.6, ""suggested_stake"": 41.58, ""games_played"": 30, ""position"": ""Midfielder"", ""rate_per_game"": 0.6, ""age"": 39, ""jersey_number"": 20, ""is_profiled"": false, ""is_healthy"": true}",2025-08-24T09:26:25.752736
2,"{""player"": ""James Milner"", ""prop"": ""Player Assists"", ""threshold"": ""1"", ""model_prob"": 0.2212, ""final_score"": 25.5, ""suggested_stake"": 25.48, ""games_played"": 30, ""position"": ""Midfielder"", ""rate_per_game"": 0.25, ""age"": 39, ""jersey_number"": 20, ""is_profiled"": false, ""is_healthy"": true}",2025-08-24T09:26:25.752752
2,"{""player"": ""James Milner"", ""prop"": ""Player Goals"", ""threshold"": ""1"", ""model_prob"": 0.1393, ""final_score"": 19.8, ""suggested_stake"": 25.0, ""games_played"": 30, ""position"": ""Midfielder"", ""rate_per_game"": 0.15, ""age"": 39, ""jersey_number"": 20, ""is_profiled"": false, ""is_healthy"": true}",2025-08-24T09:26:25.752767
2,"{""player"": ""James Milner"", ""prop"": ""Player Fouls"", ""threshold"": ""2"", ""model_prob"": 0.2642, ""final_score"": 28.5, ""suggested_stake"": 28.5, ""games_played"": 30, ""position"": ""Midfielder"", ""rate_per_game"": 1.0, ""age"": 39, ""jersey_number"": 20, ""is_profiled"": false, ""is_healthy"": true}",2025-08-24T09:26:25.752785
2,"{""player"": ""Diego G\u00f3mez"", ""prop"": ""Player Yellow Cards"", ""threshold"": ""1"", ""model_prob"": 0.1813, ""final_score"": 27.7, ""suggested_stake"": 27.69, ""games_played"": 30, ""position"": ""Midfielder"", ""rate_per_game"": 0.2, ""age"": 22, ""jersey_number"": 20, ""is_profiled"": false, ""is_healthy"": true}",2025-08-24T09:26:25.752805
2,"{""player"": ""Diego G\u00f3mez"", ""prop"": ""Player Shots"", ""threshold"": ""3"", ""model_prob"": 0.1912, ""final_score"": 31.4, ""suggested_stake"": 31.38, ""games_played"": 30, ""position"": ""Midfielder"", ""rate_per_game"": 1.5, ""age"": 22, ""jersey_number"": 20, ""is_profiled"": false, ""is_healthy"": true}",2025-08-24T09:26:25.752824
2,"{""player"": ""Diego G\u00f3mez"", ""prop"": ""Player Shots on Target"", ""threshold"": ""1"", ""model_prob"": 0.4512, ""final_score"": 46.6, ""suggested_stake"": 46.58, ""games_played"": 30, ""position"": ""Midfielder"", ""rate_per_game"": 0.6, ""age"": 22, ""jersey_number"": 20, ""is_profiled"": false, ""is_healthy"": true}",2025-08-24T09:26:25.752840
2,"{""player"": ""Diego G\u00f3mez"", ""prop"": ""Player Assists"", ""threshold"": ""1"", ""model_prob"": 0.2212, ""final_score"": 30.5, ""suggested_stake"": 30.48, ""games_played"": 30, ""position"": ""Midfielder"", ""rate_per_game"": 0.25, ""age"": 22, ""jersey_number"": 20, ""is_profiled"": false, ""is_healthy"": true}",2025-08-24T09:26:25.752857
2,"{""player"": ""Diego G\u00f3mez"", ""prop"": ""Player Goals"", ""threshold"": ""1"", ""model_prob"": 0.1393, ""final_score"": 24.8, ""suggested_stake"": 25.0, ""games_played"": 30, ""position"": ""Midfielder"", ""rate_per_game"": 0.15, ""age"": 22, ""jersey_number"": 20, ""is_profiled"": false, ""is_healthy"": true}",2025-08-24T09:26:25.752871
2,"{""player"": ""Diego G\u00f3mez"", ""prop"": ""Player Fouls"", ""threshold"": ""2"", ""model_prob"": 0.2642, ""final_score"": 33.5, ""suggested_stake"": 33.5, ""games_played"": 30, ""position"": ""Midfielder"", ""rate_per_game"": 1.0, ""age"": 22, ""jersey_number"": 20, ""is_profiled"": false, ""is_healthy"": true}",2025-08-24T09:26:25.752889
2,"{""player"": ""Danny Welbeck"", ""prop"": ""Player Yellow Cards"", ""threshold"": ""1"", ""model_prob"": 0.1393, ""final_score"": 20.8, ""suggested_stake"": 25.0, ""games_played"": 26, ""position"": ""Forward"", ""rate_per_game"": 0.15, ""age"": 34, ""jersey_number"": 20, ""is_profiled"": false, ""is_healthy"": true}",2025-08-24T09:26:25.752908
2,"{""player"": ""Danny Welbeck"", ""prop"": ""Player Shots"", ""threshold"": ""5"", ""model_prob"": 0.2194, ""final_score"": 31.4, ""suggested_stake"": 31.36, ""games_played"": 26, ""position"": ""Forward"", ""rate_per_game"": 3.2, ""age"": 34, ""jersey_number"": 20, ""is_profiled"": false, ""is_healthy"": true}",2025-08-24T09:26:25.752931
2,"{""player"": ""Danny Welbeck"", ""prop"": ""Player Shots on Target"", ""threshold"": ""3"", ""model_prob"": 0.1665, ""final_score"": 25.7, ""suggested_stake"": 25.66, ""games_played"": 26, ""position"": ""Forward"", ""rate_per_game"": 1.4, ""age"": 34, ""jersey_number"": 20, ""is_profiled"": false, ""is_healthy"": true}",2025-08-24T09:26:25.752949
2,"{""player"": ""Danny Welbeck"", ""prop"": ""Player Assists"", ""threshold"": ""1"", ""model_prob"": 0.1813, ""final_score"": 23.7, ""suggested_stake"": 25.0, ""games_played"": 26, ""position"": ""Forward"", ""rate_per_game"": 0.2, ""age"": 34, ""jersey_number"": 20, ""is_profiled"": false, ""is_healthy"": true}",2025-08-24T09:26:25.752965
2,"{""player"": ""Danny Welbeck"", ""prop"": ""Player Goals"", ""threshold"": ""1"", ""model_prob"": 0.3624, ""final_score"": 36.4, ""suggested_stake"": 36.37, ""games_played"": 26, ""position"": ""Forward"", ""rate_per_game"": 0.45, ""age"": 34, ""jersey_number"": 20, ""is_profiled"": false, ""is_healthy"": true}",2025-08-24T09:26:25.752981
2,"{""player"": ""Danny Welbeck"", ""prop"": ""Player Fouls"", ""threshold"": ""2"", ""model_prob"": 0.1912, ""final_score"": 24.4, ""suggested_stake"": 25.0, ""games_played"": 26, ""position"": ""Forward"", ""rate_per_game"": 0.8, ""age"": 34, ""jersey_number"": 20, ""is_profiled"": false, ""is_healthy"": true}",2025-08-24T09:26:25.752999
2,"{""player"": ""Georginio Rutter"", ""prop"": ""Player Yellow Cards"", ""threshold"": ""1"", ""model_prob"": 0.1393, ""final_score"": 25.8, ""suggested_stake"": 25.75, ""games_played"": 26, ""position"": ""Forward"", ""rate_per_game"": 0.15, ""age"": 23, ""jersey_number"": 20, ""is_profiled"": false, ""is_healthy"": true}",2025-08-24T09:26:25.753018
2,"{""player"": ""Georginio Rutter"", ""prop"": ""Player Shots"", ""threshold"": ""5"", ""model_prob"": 0.2194, ""final_score"": 36.4, ""suggested_stake"": 36.36, ""games_played"": 26, ""position"": ""Forward"", ""rate_per_game"": 3.2, ""age"": 23, ""jersey_number"": 20, ""is_profiled"": false, ""is_healthy"": true}",2025-08-24T09:26:25.753040
2,"{""player"": ""Georginio Rutter"", ""prop"": ""Player Shots on Target"", ""threshold"": ""3"", ""model_prob"": 0.1665, ""final_score"": 30.7, ""suggested_stake"": 30.66, ""games_played"": 26, ""position"": ""Forward"", ""rate_per_game"": 1.4, ""age"": 23, ""jersey_number"": 20, ""is_profiled"": false, ""is_healthy"": true}",2025-08-24T09:26:25.753058
2,"{""player"": ""Georginio Rutter"", ""prop"": ""Player Assists"", ""threshold"": ""1"", ""model_prob"": 0.1813, ""final_score"": 28.7, ""suggested_stake"": 28.69, ""games_played"": 26, ""position"": ""Forward"", ""rate_per_game"": 0.2, ""age"": 23, ""jersey_number"": 20, ""is_profiled"": false, ""is_healthy"": true}",2025-08-24T09:26:25.753073
2,"{""player"": ""Georginio Rutter"", ""prop"": ""Player Goals"", ""threshold"": ""1"", ""model_prob"": 0.3624, ""final_score"": 41.4, ""suggested_stake"": 41.37, ""games_played"": 26, ""position"": ""Forward"", ""rate_per_game"": 0.45, ""age"": 23, ""jersey_number"": 20, ""is_profiled"": false, ""is_healthy"": true}",2025-08-24T09:26:25.753089
2,"{""player"": ""Georginio Rutter"", ""prop"": ""Player Fouls"", ""threshold"": ""2"", ""model_prob"": 0.1912, ""final_score"": 29.4, ""suggested_stake"": 29.38, ""games_played"": 26, ""position"": ""Forward"", ""rate_per_game"": 0.8, ""age"": 23, ""jersey_number"": 20, ""is_profiled"": false, ""is_healthy"": true}",2025-08-24T09:26:25.753106
2,"{""player"": ""Abdallah Sima"", ""prop"": ""Player Yellow Cards"", ""threshold"": ""1"", ""model_prob"": 0.1393, ""final_score"": 30.8, ""suggested_stake"": 30.75, ""games_played"": 26, ""position"": ""Forward"", ""rate_per_game"": 0.15, ""age"": 24, ""jersey_number"": 20, ""is_profiled"": false, ""is_healthy"": true}",2025-08-24T09:26:25.753125
2,"{""player"": ""Abdallah Sima"", ""prop"": ""Player Shots"", ""threshold"": ""5"", ""model_prob"": 0.2194, ""final_score"": 41.4, ""suggested_stake"": 41.36, ""games_played"": 26, ""position"": ""Forward"", ""rate_per_game"": 3.2, ""age"": 24, ""jersey_number"": 20, ""is_profiled"": false, ""is_healthy"": true}",2025-08-24T09:26:25.753148
2,"{""player"": ""Abdallah Sima"", ""prop"": ""Player Shots on Target"", ""threshold"": ""3"", ""model_prob"": 0.1665, ""final_score"": 35.7, ""suggested_stake"": 35.66, ""games_played"": 26, ""position"": ""Forward"", ""rate_per_game"": 1.4, ""age"": 24, ""jersey_number"": 20, ""is_profiled"": false, ""is_healthy"": true}",2025-08-24T09:26:25.753166
2,"{""player"": ""Abdallah Sima"", ""prop"": ""Player Assists"", ""threshold"": ""1"", ""model_prob"": 0.1813, ""final_score"": 33.7, ""suggested_stake"": 33.69, ""games_played"": 26, ""position"": ""Forward"", ""rate_per_game"": 0.2, ""age"": 24, ""jersey_number"": 20, ""is_profiled"": false, ""is_healthy"": true}",2025-08-24T09:26:25.753182
2,"{""player"": ""Abdallah Sima"", ""prop"": ""Player Goals"", ""threshold"": ""1"", ""model_prob"": 0.3624, ""final_score"": 46.4, ""suggested_stake"": 46.37, ""games_played"": 26, ""position"": ""Forward"", ""rate_per_game"": 0.45, ""age"": 24, ""jersey_number"": 20, ""is_profiled"": false, ""is_healthy"": true}",2025-08-24T09:26:25.753198
2,"{""player"": ""Abdallah Sima"", ""prop"": ""Player Fouls"", ""threshold"": ""2"", ""model_prob"": 0.1912, ""final_score"": 34.4, ""suggested_stake"": 34.38, ""games_played"": 26, ""position"": ""Forward"", ""rate_per_game"": 0.8, ""age"": 24, ""jersey_number"": 20, ""is_profiled"": false, ""is_healthy"": true}",2025-08-24T09:26:25.753215
3,"{""player"": ""Benjamin Lecomte"", ""prop"": ""Player Yellow Cards"", ""threshold"": ""1"", ""model_prob"": 0.0952, ""final_score"": 14.7, ""suggested_stake"": 25.0, ""games_played"": 25, ""position"": ""Goalkeeper"", ""rate_per_game"": 0.1, ""age"": 34, ""jersey_number"": 20, ""is_profiled"": false, ""is_healthy"": true}",2025-08-24T09:26:29.901207
3,"{""player"": ""Benjamin Lecomte"", ""prop"": ""Player Fouls"", ""threshold"": ""1"", ""model_prob"": 0.2592, ""final_score"": 26.1, ""suggested_stake"": 26.14, ""games_played"": 25, ""position"": ""Goalkeeper"", ""rate_per_game"": 0.3, ""age"": 34, ""jersey_number"": 20, ""is_profiled"": false, ""is_healthy"": true}",2025-08-24T09:26:29.901253
3,"{""player"": ""Benjamin Lecomte"", ""prop"": ""Player Saves"", ""threshold"": ""5"", ""model_prob"": 0.2746, ""final_score"": 32.2, ""suggested_stake"": 32.22, ""games_played"": 25, ""position"": ""Goalkeeper"", ""rate_per_game"": 3.5, ""age"": 34, ""jersey_number"": 20, ""is_profiled"": false, ""is_healthy"": true}",2025-08-24T09:26:29.901288
3,"{""player"": ""Kenny Tete"", ""prop"": ""Player Yellow Cards"", ""threshold"": ""1"", ""model_prob"": 0.2212, ""final_score"": 28.5, ""suggested_stake"": 28.48, ""games_played"": 28, ""position"": ""Defender"", ""rate_per_game"": 0.25, ""age"": 29, ""jersey_number"": 20, ""is_profiled"": false, ""is_healthy"": true}",2025-08-24T09:26:29.901320
3,"{""player"": ""Kenny Tete"", ""prop"": ""Player Shots"", ""threshold"": ""2"", ""model_prob"": 0.1912, ""final_score"": 26.4, ""suggested_stake"": 26.38, ""games_played"": 28, ""position"": ""Defender"", ""rate_per_game"": 0.8, ""age"": 29, ""jersey_number"": 20, ""is_profiled"": false, ""is_healthy"": true}",2025-08-24T09:26:29.901387
3,"{""player"": ""Kenny Tete"", ""prop"": ""Player Shots on Target"", ""threshold"": ""1"", ""model_prob"": 0.2592, ""final_score"": 31.1, ""suggested_stake"": 31.14, ""games_played"": 28, ""position"": ""Defender"", ""rate_per_game"": 0.3, ""age"": 29, ""jersey_number"": 20, ""is_profiled"": false, ""is_healthy"": true}",2025-08-24T09:26:29.901451
3,"{""player"": ""Kenny Tete"", ""prop"": ""Player Assists"", ""threshold"": ""1"", ""model_prob"": 0.0952, ""final_score"": 19.7, ""suggested_stake"": 25.0, ""games_played"": 28, ""position"": ""Defender"", ""rate_per_game"": 0.1, ""age"": 29, ""jersey_number"": 20, ""is_profiled"": false, ""is_healthy"": true}",2025-08-24T09:26:29.901503
3,"{""player"": ""Kenny Tete"", ""prop"": ""Player Goals"", ""threshold"": ""1"", ""model_prob"": 0.0488, ""final_score"": 16.4, ""suggested_stake"": 25.0, ""games_played"": 28, ""position"": ""Defender"", ""rate_per_game"": 0.05, ""age"": 29, ""jersey_number"": 20, ""is_profiled"": false, ""is_healthy"": true}",2025-08-24T09:26:29.901546
3,"{""player"": ""Kenny Tete"", ""prop"": ""Player Fouls"", ""threshold"": ""2"", ""model_prob"": 0.3374, ""final_score"": 39.6, ""suggested_stake"": 39.62, ""games_played"": 28, ""position"": ""Defender"", ""rate_per_game"": 1.2, ""age"": 29, ""jersey_number"": 20, ""is_profiled"": false, ""is_healthy"": true}",2025-08-24T09:26:29.901568
3,"{""player"": ""Joachim Andersen"", ""prop"": ""Player Yellow Cards"", ""threshold"": ""1"", ""model_prob"": 0.2212, ""final_score"": 28.5, ""suggested_stake"": 28.48, ""games_played"": 28, ""position"": ""Defender"", ""rate_per_game"": 0.25, ""age"": 29, ""jersey_number"": 20, ""is_profiled"": false, ""is_healthy"": true}",2025-08-24T09:26:29.901595
3,"{""player"": ""Joachim Andersen"", ""prop"": ""Player Shots"", ""threshold"": ""2"", ""model_prob"": 0.1912, ""final_score"": 26.4, ""suggested_stake"": 26.38, ""games_played"": 28, ""position"": ""Defender"", ""rate_per_game"": 0.8, ""age"": 29, ""jersey_number"": 20, ""is_profiled"": false, ""is_healthy"": true}",2025-08-24T09:26:29.901634
3,"{""player"": ""Joachim Andersen"", ""prop"": ""Player Shots on Target"", ""threshold"": ""1"", ""model_prob"": 0.2592, ""final_score"": 31.1, ""suggested_stake"": 31.14, ""games_played"": 28, ""position"": ""Defender"", ""rate_per_game"": 0.3, ""age"": 29, ""jersey_number"": 20, ""is_profiled"": false, ""is_healthy"": true}",2025-08-24T09:26:29.901653
3,"{""player"": ""Joachim Andersen"", ""prop"": ""Player Assists"", ""threshold"": ""1"", ""model_prob"": 0.0952, ""final_score"": 19.7, ""suggested_stake"": 25.0, ""games_played"": 28, ""position"": ""Defender"", ""rate_per_game"": 0.1, ""age"": 29, ""jersey_number"": 20, ""is_profiled"": false, ""is_healthy"": true}",2025-08-24T09:26:29.901671
3,"{""player"": ""Joachim Andersen"", ""prop"": ""Player Goals"", ""threshold"": ""1"", ""model_prob"": 0.0488, ""final_score"": 16.4, ""suggested_stake"": 25.0, ""games_played"": 28, ""position"": ""Defender"", ""rate_per_game"": 0.05, ""age"": 29, ""jersey_number"": 20, ""is_profiled"": false, ""is_healthy"": true}",2025-08-24T09:26:29.901687
3,"{""player"": ""Joachim Andersen"", ""prop"": ""Player Fouls"", ""threshold"": ""2"", ""model_prob"": 0.3374, ""final_score"": 39.6, ""suggested_stake"": 39.62, ""games_played"": 28, ""position"": ""Defender"", ""rate_per_game"": 1.2, ""age"": 29, ""jersey_number"": 20, ""is_profiled"": false, ""is_healthy"": true}",2025-08-24T09:26:29.901706
3,"{""player"": ""Timothy Castagne"", ""prop"": ""Player Yellow Cards"", ""threshold"": ""1"", ""model_prob"": 0.2212, ""final_score"": 28.5, ""suggested_stake"": 28.48, ""games_played"": 28, ""position"": ""Defender"", ""rate_per_game"": 0.25, ""age"": 29, ""jersey_number"": 20, ""is_profiled"": false, ""is_healthy"": true}",2025-08-24T09:26:29.901730
3,"{""player"": ""Timothy Castagne"", ""prop"": ""Player Shots"", ""threshold"": ""2"", ""model_prob"": 0.1912, ""final_score"": 26.4, ""suggested_stake"": 26.38, ""games_played"": 28, ""position"": ""Defender"", ""rate_per_game"": 0.8, ""age"": 29, ""jersey_number"": 20, ""is_profiled"": false, ""is_healthy"": true}",2025-08-24T09:26:29.901750
3,"{""player"": ""Timothy Castagne"", ""prop"": ""Player Shots on Target"", ""threshold"": ""1"", ""model_prob"": 0.2592, ""final_score"": 31.1, ""suggested_stake"": 31.14, ""games_played"": 28, ""position"": ""Defender"", ""rate_per_game"": 0.3, ""age"": 29, ""jersey_number"": 20, ""is_profiled"": false, ""is_healthy"": true}",2025-08-24T09:26:29.901768
3,"{""player"": ""Timothy Castagne"", ""prop"": ""Player Assists"", ""threshold"": ""1"", ""model_prob"": 0.0952, ""final_score"": 19.7, ""suggested_stake"": 25.0, ""games_played"": 28, ""position"": ""Defender"", ""rate_per_game"": 0.1, ""age"": 29, ""jersey_number"": 20, ""is_profiled"": false, ""is_healthy"": true}",2025-08-24T09:26:29.901785
3,"{""player"": ""Timothy Castagne"", ""prop"": ""Player Goals"", ""threshold"": ""1"", ""model_prob"": 0.0488, ""final_score"": 16.4, ""suggested_stake"": 25.0, ""games_played"": 28, ""position"": ""Defender"", ""rate_per_game"": 0.05, ""age"": 29, ""jersey_number"": 20, ""is_profiled"": false, ""is_healthy"": true}",2025-08-24T09:26:29.901801
3,"{""player"": ""Timothy Castagne"", ""prop"": ""Player Fouls"", ""threshold"": ""2"", ""model_prob"": 0.3374, ""final_score"": 39.6, ""suggested_stake"": 39.62, ""games_played"": 28, ""position"": ""Defender"", ""rate_per_game"": 1.2, ""age"": 29, ""jersey_number"": 20, ""is_profiled"": false, ""is_healthy"": true}",2025-08-24T09:26:29.901821
3,"{""player"": ""Antonee Robinson"", ""prop"": ""Player Yellow Cards"", ""threshold"": ""1"", ""model_prob"": 0.2212, ""final_score"": 33.5, ""suggested_stake"": 33.48, ""games_played"": 28, ""position"": ""Defender"", ""rate_per_game"": 0.25, ""age"": 28, ""jersey_number"": 20, ""is_profiled"": false, ""is_healthy"": true}",2025-08-24T09:26:29.901856
3,"{""player"": ""Antonee Robinson"", ""prop"": ""Player Shots"", ""threshold"": ""2"", ""model_prob"": 0.1912, ""final_score"": 31.4, ""suggested_stake"": 31.38, ""games_played"": 28, ""position"": ""Defender"", ""rate_per_game"": 0.8, ""age"": 28, ""jersey_number"": 20, ""is_profiled"": false, ""is_healthy"": true}",2025-08-24T09:26:29.901874
3,"{""player"": ""Antonee Robinson"", ""prop"": ""Player Shots on Target"", ""threshold"": ""1"", ""model_prob"": 0.2592, ""final_score"": 36.1, ""suggested_stake"": 36.14, ""games_played"": 28, ""position"": ""Defender"", ""rate_per_game"": 0.3, ""age"": 28, ""jersey_number"": 20, ""is_profiled"": false, ""is_healthy"": true}",2025-08-24T09:26:29.901890
3,"{""player"": ""Antonee Robinson"", ""prop"": ""Player Assists"", ""threshold"": ""1"", ""model_prob"": 0.0952, ""final_score"": 24.7, ""suggested_stake"": 25.0, ""games_played"": 28, ""position"": ""Defender"", ""rate_per_game"": 0.1, ""age"": 28, ""jersey_number"": 20, ""is_profiled"": false, ""is_healthy"": true}",2025-08-24T09:26:29.901905
3,"{""player"": ""Antonee Robinson"", ""prop"": ""Player Goals"", ""threshold"": ""1"", ""model_prob"": 0.0488, ""final_score"": 21.4, ""suggested_stake"": 25.0, ""games_played"": 28, ""position"": ""Defender"", ""rate_per_game"": 0.05, ""age"": 28, ""jersey_number"": 20, ""is_profiled"": false, ""is_healthy"": true}",2025-08-24T09:26:29.901939
3,"{""player"": ""Antonee Robinson"", ""prop"": ""Player Fouls"", ""threshold"": ""2"", ""model_prob"": 0.3374, ""final_score"": 44.6, ""suggested_stake"": 44.62, ""games_played"": 28, ""position"": ""Defender"", ""rate_per_game"": 1.2, ""age"": 28, ""jersey_number"": 20, ""is_profiled"": false, ""is_healthy"": true}",2025-08-24T09:26:29.901958
3,"{""player"": ""Tom Cairney"", ""prop"": ""Player Yellow Cards"", ""threshold"": ""1"", ""model_prob"": 0.1813, ""final_score"": 22.7, ""suggested_stake"": 25.0, ""games_played"": 30, ""position"": ""Midfielder"", ""rate_per_game"": 0.2, ""age"": 34, ""jersey_number"": 20, ""is_profiled"": false, ""is_healthy"": true}",2025-08-24T09:26:29.901981
3,"{""player"": ""Tom Cairney"", ""prop"": ""Player Shots"", ""threshold"": ""3"", ""model_prob"": 0.1912, ""final_score"": 26.4, ""suggested_stake"": 26.38, ""games_played"": 30, ""position"": ""Midfielder"", ""rate_per_game"": 1.5, ""age"": 34, ""jersey_number"": 20, ""is_profiled"": false, ""is_healthy"": true}",2025-08-24T09:26:29.902004
3,"{""player"": ""Tom Cairney"", ""prop"": ""Player Shots on Target"", ""threshold"": ""1"", ""model_prob"": 0.4512, ""final_score"": 41.6, ""suggested_stake"": 41.58, ""games_played"": 30, ""position"": ""Midfielder"", ""rate_per_game"": 0.6, ""age"": 34, ""jersey_number"": 20, ""is_profiled"": false, ""is_healthy"": true}",2025-08-24T09:26:29.902022
3,"{""player"": ""Tom Cairney"", ""prop"": ""Player Assists"", ""threshold"": ""1"", ""model_prob"": 0.2212, ""final_score"": 25.5, ""suggested_stake"": 25.48, ""games_played"": 30, ""position"": ""Midfielder"", ""rate_per_game"": 0.25, ""age"": 34, ""jersey_number"": 20, ""is_profiled"": false, ""is_healthy"": true}",2025-08-24T09:26:29.902040
3,"{""player"": ""Tom Cairney"", ""prop"": ""Player Goals"", ""threshold"": ""1"", ""model_prob"": 0.1393, ""final_score"": 19.8, ""suggested_stake"": 25.0, ""games_played"": 30, ""position"": ""Midfielder"", ""rate_per_game"": 0.15, ""age"": 34, ""jersey_number"": 20, ""is_profiled"": false, ""is_healthy"": true}",2025-08-24T09:26:29.902057
3,"{""player"": ""Tom Cairney"", ""prop"": ""Player Fouls"", ""threshold"": ""2"", ""model_prob"": 0.2642, ""final_score"": 28.5, ""suggested_stake"": 28.5, ""games_played"": 30, ""position"": ""Midfielder"", ""rate_per_game"": 1.0, ""age"": 34, ""jersey_number"": 20, ""is_profiled"": false, ""is_healthy"": true}",2025-08-24T09:26:29.902077
3,"{""player"": ""Harrison Reed"", ""prop"": ""Player Yellow Cards"", ""threshold"": ""1"", ""model_prob"": 0.1813, ""final_score"": 27.7, ""suggested_stake"": 27.69, ""games_played"": 30, ""position"": ""Midfielder"", ""rate_per_game"": 0.2, ""age"": 30, ""jersey_number"": 20, ""is_profiled"": false, ""is_healthy"": true}",2025-08-24T09:26:29.902100
3,"{""player"": ""Harrison Reed"", ""prop"": ""Player Shots"", ""threshold"": ""3"", ""model_prob"": 0.1912, ""final_score"": 31.4, ""suggested_stake"": 31.38, ""games_played"": 30, ""position"": ""Midfielder"", ""rate_per_game"": 1.5, ""age"": 30, ""jersey_number"": 20, ""is_profiled"": false, ""is_healthy"": true}",2025-08-24T09:26:29.902122
3,"{""player"": ""Harrison Reed"", ""prop"": ""Player Shots on Target"", ""threshold"": ""1"", ""model_prob"": 0.4512, ""final_score"": 46.6, ""suggested_stake"": 46.58, ""games_played"": 30, ""position"": ""Midfielder"", ""rate_per_game"": 0.6, ""age"": 30, ""jersey_number"": 20, ""is_profiled"": false, ""is_healthy"": true}",2025-08-24T09:26:29.902141
3,"{""player"": ""Harrison Reed"", ""prop"": ""Player Assists"", ""threshold"": ""1"", ""model_prob"": 0.2212, ""final_score"": 30.5, ""suggested_stake"": 30.48, ""games_played"": 30, ""position"": ""Midfielder"", ""rate_per_game"": 0.25, ""age"": 30, ""jersey_number"": 20, ""is_profiled"": false, ""is_healthy"": true}",2025-08-24T09:26:29.902159
3,"{""player"": ""Harrison Reed"", ""prop"": ""Player Goals"", ""threshold"": ""1"", ""model_prob"": 0.1393, ""final_score"": 24.8, ""suggested_stake"": 25.0, ""games_played"": 30, ""position"": ""Midfielder"", ""rate_per_game"": 0.15, ""age"": 30, ""jersey_number"": 20, ""is_profiled"": false, ""is_healthy"": true}",2025-08-24T09:26:29.902176
3,"{""player"": ""Harrison Reed"", ""prop"": ""Player Fouls"", ""threshold"": ""2"", ""model_prob"": 0.2642, ""final_score"": 33.5, ""suggested_stake"": 33.5, ""games_played"": 30, ""position"": ""Midfielder"", ""rate_per_game"": 1.0, ""age"": 30, ""jersey_number"": 20, ""is_profiled"": false, ""is_healthy"": true}",2025-08-24T09:26:29.902194
3,"{""player"": ""Harry Wilson"", ""prop"": ""Player Yellow Cards"", ""threshold"": ""1"", ""model_prob"": 0.1813, ""final_score"": 32.7, ""suggested_stake"": 32.69, ""games_played"": 30, ""position"": ""Midfielder"", ""rate_per_game"": 0.2, ""age"": 28, ""jersey_number"": 20, ""is_profiled"": false, ""is_healthy"": true}",2025-08-24T09:26:29.902230
3,"{""player"": ""Harry Wilson"", ""prop"": ""Player Shots"", ""threshold"": ""3"", ""model_prob"": 0.1912, ""final_score"": 36.4, ""suggested_stake"": 36.38, ""games_played"": 30, ""position"": ""Midfielder"", ""rate_per_game"": 1.5, ""age"": 28, ""jersey_number"": 20, ""is_profiled"": false, ""is_healthy"": true}",2025-08-24T09:26:29.902251
3,"{""player"": ""Harry Wilson"", ""prop"": ""Player Shots on Target"", ""threshold"": ""1"", ""model_prob"": 0.4512, ""final_score"": 51.6, ""suggested_stake"": 51.58, ""games_played"": 30, ""position"": ""Midfielder"", ""rate_per_game"": 0.6, ""age"": 28, ""jersey_number"": 20, ""is_profiled"": false, ""is_healthy"": true}",2025-08-24T09:26:29.902268
3,"{""player"": ""Harry Wilson"", ""prop"": ""Player Assists"", ""threshold"": ""1"", ""model_prob"": 0.2212, ""final_score"": 35.5, ""suggested_stake"": 35.48, ""games_played"": 30, ""position"": ""Midfielder"", ""rate_per_game"": 0.25, ""age"": 28, ""jersey_number"": 20, ""is_profiled"": false, ""is_healthy"": true}",2025-08-24T09:26:29.902285
3,"{""player"": ""Harry Wilson"", ""prop"": ""Player Goals"", ""threshold"": ""1"", ""model_prob"": 0.1393, ""final_score"": 29.8, ""suggested_stake"": 29.75, ""games_played"": 30, ""position"": ""Midfielder"", ""rate_per_game"": 0.15, ""age"": 28, ""jersey_number"": 20, ""is_profiled"": false, ""is_healthy"": true}",2025-08-24T09:26:29.902300
3,"{""player"": ""Harry Wilson"", ""prop"": ""Player Fouls"", ""threshold"": ""2"", ""model_prob"": 0.2642, ""final_score"": 38.5, ""suggested_stake"": 38.5, ""games_played"": 30, ""position"": ""Midfielder"", ""rate_per_game"": 1.0, ""age"": 28, ""jersey_number"": 20, ""is_profiled"": false, ""is_healthy"": true}",2025-08-24T09:26:29.902319
3,"{""player"": ""Ra\u00fal Jim\u00e9nez"", ""prop"": ""Player Yellow Cards"", ""threshold"": ""1"", ""model_prob"": 0.1393, ""final_score"": 20.8, ""suggested_stake"": 25.0, ""games_played"": 26, ""position"": ""Forward"", ""rate_per_game"": 0.15, ""age"": 34, ""jersey_number"": 20, ""is_profiled"": false, ""is_healthy"": true}",2025-08-24T09:26:29.902342
3,"{""player"": ""Ra\u00fal Jim\u00e9nez"", ""prop"": ""Player Shots"", ""threshold"": ""5"", ""model_prob"": 0.2194, ""final_score"": 31.4, ""suggested_stake"": 31.36, ""games_played"": 26, ""position"": ""Forward"", ""rate_per_game"": 3.2, ""age"": 34, ""jersey_number"": 20, ""is_profiled"": false, ""is_healthy"": true}",2025-08-24T09:26:29.902367
3,"{""player"": ""Ra\u00fal Jim\u00e9nez"", ""prop"": ""Player Shots on Target"", ""threshold"": ""3"", ""model_prob"": 0.1665, ""final_score"": 25.7, ""suggested_stake"": 25.66, ""games_played"": 26, ""position"": ""Forward"", ""rate_per_game"": 1.4, ""age"": 34, ""jersey_number"": 20, ""is_profiled"": false, ""is_healthy"": true}",2025-08-24T09:26:29.902407
3,"{""player"": ""Ra\u00fal Jim\u00e9nez"", ""prop"": ""Player Assists"", ""threshold"": ""1"", ""model_prob"": 0.1813, ""final_score"": 23.7, ""suggested_stake"": 25.0, ""games_played"": 26, ""position"": ""Forward"", ""rate_per_game"": 0.2, ""age"": 34, ""jersey_number"": 20, ""is_profiled"": false, ""is_healthy"": true}",2025-08-24T09:26:29.902447
3,"{""player"": ""Ra\u00fal Jim\u00e9nez"", ""prop"": ""Player Goals"", ""threshold"": ""1"", ""model_prob"": 0.3624, ""final_score"": 36.4, ""suggested_stake"": 36.37, ""games_played"": 26, ""position"": ""Forward"", ""rate_per_game"": 0.45, ""age"": 34, ""jersey_number"": 20, ""is_profiled"": false, ""is_healthy"": true}",2025-08-24T09:26:29.902480
3,"{""player"": ""Ra\u00fal Jim\u00e9nez"", ""prop"": ""Player Fouls"", ""threshold"": ""2"", ""model_prob"": 0.1912, ""final_score"": 24.4, ""suggested_stake"": 25.0, ""games_played"": 26, ""position"": ""Forward"", ""rate_per_game"": 0.8, ""age"": 34, ""jersey_number"": 20, ""is_profiled"": false, ""is_healthy"": true}",2025-08-24T09:26:29.902503
3,"{""player"": ""Alex Iwobi"", ""prop"": ""Player Yellow Cards"", ""threshold"": ""1"", ""model_prob"": 0.1393, ""final_score"": 25.8, ""suggested_stake"": 25.75, ""games_played"": 26, ""position"": ""Forward"", ""rate_per_game"": 0.15, ""age"": 29, ""jersey_number"": 20, ""is_profiled"": false, ""is_healthy"": true}",2025-08-24T09:26:29.902528
3,"{""player"": ""Alex Iwobi"", ""prop"": ""Player Shots"", ""threshold"": ""5"", ""model_prob"": 0.2194, ""final_score"": 36.4, ""suggested_stake"": 36.36, ""games_played"": 26, ""position"": ""Forward"", ""rate_per_game"": 3.2, ""age"": 29, ""jersey_number"": 20, ""is_profiled"": false, ""is_healthy"": true}",2025-08-24T09:26:29.902553
3,"{""player"": ""Alex Iwobi"", ""prop"": ""Player Shots on Target"", ""threshold"": ""3"", ""model_prob"": 0.1665, ""final_score"": 30.7, ""suggested_stake"": 30.66, ""games_played"": 26, ""position"": ""Forward"", ""rate_per_game"": 1.4, ""age"": 29, ""jersey_number"": 20, ""is_profiled"": false, ""is_healthy"": true}",2025-08-24T09:26:29.902574
3,"{""player"": ""Alex Iwobi"", ""prop"": ""Player Assists"", ""threshold"": ""1"", ""model_prob"": 0.1813, ""final_score"": 28.7, ""suggested_stake"": 28.69, ""games_played"": 26, ""position"": ""Forward"", ""rate_per_game"": 0.2, ""age"": 29, ""jersey_number"": 20, ""is_profiled"": false, ""is_healthy"": true}",2025-08-24T09:26:29.902593
3,"{""player"": ""Alex Iwobi"", ""prop"": ""Player Goals"", ""threshold"": ""1"", ""model_prob"": 0.3624, ""final_score"": 41.4, ""suggested_stake"": 41.37, ""games_played"": 26, ""position"": ""Forward"", ""rate_per_game"": 0.45, ""age"": 29, ""jersey_number"": 20, ""is_profiled"": false, ""is_healthy"": true}",2025-08-24T09:26:29.902611
3,"{""player"": ""Alex Iwobi"", ""prop"": ""Player Fouls"", ""threshold"": ""2"", ""model_prob"": 0.1912, ""final_score"": 29.4, ""suggested_stake"": 29.38, ""games_played"": 26, ""position"": ""Forward"", ""rate_per_game"": 0.8, ""age"": 29, ""jersey_number"": 20, ""is_profiled"": false, ""is_healthy"": true}",2025-08-24T09:26:29.902631
3,"{""player"": ""Adama Traor\u00e9"", ""prop"": ""Player Yellow Cards"", ""threshold"": ""1"", ""model_prob"": 0.1393, ""final_score"": 25.8, ""suggested_stake"": 25.75, ""games_played"": 26, ""position"": ""Forward"", ""rate_per_game"": 0.15, ""age"": 29, ""jersey_number"": 20, ""is_profiled"": false, ""is_healthy"": true}",2025-08-24T09:26:29.902655
3,"{""player"": ""Adama Traor\u00e9"", ""prop"": ""Player Shots"", ""threshold"": ""5"", ""model_prob"": 0.2194, ""final_score"": 36.4, ""suggested_stake"": 36.36, ""games_played"": 26, ""position"": ""Forward"", ""rate_per_game"": 3.2, ""age"": 29, ""jersey_number"": 20, ""is_profiled"": false, ""is_healthy"": true}",2025-08-24T09:26:29.902679
3,"{""player"": ""Adama Traor\u00e9"", ""prop"": ""Player Shots on Target"", ""threshold"": ""3"", ""model_prob"": 0.1665, ""final_score"": 30.7, ""suggested_stake"": 30.66, ""games_played"": 26, ""position"": ""Forward"", ""rate_per_game"": 1.4, ""age"": 29, ""jersey_number"": 20, ""is_profiled"": false, ""is_healthy"": true}",2025-08-24T09:26:29.902699
3,"{""player"": ""Adama Traor\u00e9"", ""prop"": ""Player Assists"", ""threshold"": ""1"", ""model_prob"": 0.1813, ""final_score"": 28.7, ""suggested_stake"": 28.69, ""games_played"": 26, ""position"": ""Forward"", ""rate_per_game"": 0.2, ""age"": 29, ""jersey_number"": 20, ""is_profiled"": false, ""is_healthy"": true}",2025-08-24T09:26:29.902718
3,"{""player"": ""Adama Traor\u00e9"", ""prop"": ""Player Goals"", ""threshold"": ""1"", ""model_prob"": 0.3624, ""final_score"": 41.4, ""suggested_stake"": 41.37, ""games_played"": 26, ""position"": ""Forward"", ""rate_per_game"": 0.45, ""age"": 29, ""jersey_number"": 20, ""is_profiled"": false, ""is_healthy"": true}",2025-08-24T09:26:29.902736
3,"{""player"": ""Adama Traor\u00e9"", ""prop"": ""Player Fouls"", ""threshold"": ""2"", ""model_prob"": 0.1912, ""final_score"": 29.4, ""suggested_stake"": 29.38, ""games_played"": 26, ""position"": ""Forward"", ""rate_per_game"": 0.8, ""age"": 29, ""jersey_number"": 20, ""is_profiled"": false, ""is_healthy"": true}",2025-08-24T09:26:29.902756
3,"{""player"": ""Tom Heaton"", ""prop"": ""Player Yellow Cards"", ""threshold"": ""1"", ""model_prob"": 0.0952, ""final_score"": 14.7, ""suggested_stake"": 25.0, ""games_played"": 25, ""position"": ""Goalkeeper"", ""rate_per_game"": 0.1, ""age"": 39, ""jersey_number"": 20, ""is_profiled"": false, ""is_healthy"": true}",2025-08-24T09:26:29.902779
3,"{""player"": ""Tom Heaton"", ""prop"": ""Player Fouls"", ""threshold"": ""1"", ""model_prob"": 0.2592, ""final_score"": 26.1, ""suggested_stake"": 26.14, ""games_played"": 25, ""position"": ""Goalkeeper"", ""rate_per_game"": 0.3, ""age"": 39, ""jersey_number"": 20, ""is_profiled"": false, ""is_healthy"": true}",2025-08-24T09:26:29.902798
3,"{""player"": ""Tom Heaton"", ""prop"": ""Player Saves"", ""threshold"": ""5"", ""model_prob"": 0.2746, ""final_score"": 32.2, ""suggested_stake"": 32.22, ""games_played"": 25, ""position"": ""Goalkeeper"", ""rate_per_game"": 3.5, ""age"": 39, ""jersey_number"": 20, ""is_profiled"": false, ""is_healthy"": true}",2025-08-24T09:26:29.902857
3,"{""player"": ""Harry Maguire"", ""prop"": ""Player Yellow Cards"", ""threshold"": ""1"", ""model_prob"": 0.2212, ""final_score"": 23.5, ""suggested_stake"": 25.0, ""games_played"": 28, ""position"": ""Defender"", ""rate_per_game"": 0.25, ""age"": 32, ""jersey_number"": 20, ""is_profiled"": false, ""is_healthy"": true}",2025-08-24T09:26:29.902902
3,"{""player"": ""Harry Maguire"", ""prop"": ""Player Shots"", ""threshold"": ""2"", ""model_prob"": 0.1912, ""final_score"": 21.4, ""suggested_stake"": 25.0, ""games_played"": 28, ""position"": ""Defender"", ""rate_per_game"": 0.8, ""age"": 32, ""jersey_number"": 20, ""is_profiled"": false, ""is_healthy"": true}",2025-08-24T09:26:29.902934
3,"{""player"": ""Harry Maguire"", ""prop"": ""Player Shots on Target"", ""threshold"": ""1"", ""model_prob"": 0.2592, ""final_score"": 26.1, ""suggested_stake"": 26.14, ""games_played"": 28, ""position"": ""Defender"", ""rate_per_game"": 0.3, ""age"": 32, ""jersey_number"": 20, ""is_profiled"": false, ""is_healthy"": true}",2025-08-24T09:26:29.902987
3,"{""player"": ""Harry Maguire"", ""prop"": ""Player Assists"", ""threshold"": ""1"", ""model_prob"": 0.0952, ""final_score"": 14.7, ""suggested_stake"": 25.0, ""games_played"": 28, ""position"": ""Defender"", ""rate_per_game"": 0.1, ""age"": 32, ""jersey_number"": 20, ""is_profiled"": false, ""is_healthy"": true}",2025-08-24T09:26:29.903034
3,"{""player"": ""Harry Maguire"", ""prop"": ""Player Goals"", ""threshold"": ""1"", ""model_prob"": 0.0488, ""final_score"": 11.4, ""suggested_stake"": 25.0, ""games_played"": 28, ""position"": ""Defender"", ""rate_per_game"": 0.05, ""age"": 32, ""jersey_number"": 20, ""is_profiled"": false, ""is_healthy"": true}",2025-08-24T09:26:29.903069
3,"{""player"": ""Harry Maguire"", ""prop"": ""Player Fouls"", ""threshold"": ""2"", ""model_prob"": 0.3374, ""final_score"": 34.6, ""suggested_stake"": 34.62, ""games_played"": 28, ""position"": ""Defender"", ""rate_per_game"": 1.2, ""age"": 32, ""jersey_number"": 20, ""is_profiled"": false, ""is_healthy"": true}",2025-08-24T09:26:29.903089
3,"{""player"": ""Luke Shaw"", ""prop"": ""Player Yellow Cards"", ""threshold"": ""1"", ""model_prob"": 0.2212, ""final_score"": 28.5, ""suggested_stake"": 28.48, ""games_played"": 28, ""position"": ""Defender"", ""rate_per_game"": 0.25, ""age"": 30, ""jersey_number"": 20, ""is_profiled"": false, ""is_healthy"": true}",2025-08-24T09:26:29.903111
3,"{""player"": ""Luke Shaw"", ""prop"": ""Player Shots"", ""threshold"": ""2"", ""model_prob"": 0.1912, ""final_score"": 26.4, ""suggested_stake"": 26.38, ""games_played"": 28, ""position"": ""Defender"", ""rate_per_game"": 0.8, ""age"": 30, ""jersey_number"": 20, ""is_profiled"": false, ""is_healthy"": true}",2025-08-24T09:26:29.903130
3,"{""player"": ""Luke Shaw"", ""prop"": ""Player Shots on Target"", ""threshold"": ""1"", ""model_prob"": 0.2592, ""final_score"": 31.1, ""suggested_stake"": 31.14, ""games_played"": 28, ""position"": ""Defender"", ""rate_per_game"": 0.3, ""age"": 30, ""jersey_number"": 20, ""is_profiled"": false, ""is_healthy"": true}",2025-08-24T09:26:29.903148
3,"{""player"": ""Luke Shaw"", ""prop"": ""Player Assists"", ""threshold"": ""1"", ""model_prob"": 0.0952, ""final_score"": 19.7, ""suggested_stake"": 25.0, ""games_played"": 28, ""position"": ""Defender"", ""rate_per_game"": 0.1, ""age"": 30, ""jersey_number"": 20, ""is_profiled"": false, ""is_healthy"": true}",2025-08-24T09:26:29.903163
3,"{""player"": ""Luke Shaw"", ""prop"": ""Player Goals"", ""threshold"": ""1"", ""model_prob"": 0.0488, ""final_score"": 16.4, ""suggested_stake"": 25.0, ""games_played"": 28, ""position"": ""Defender"", ""rate_per_game"": 0.05, ""age"": 30, ""jersey_number"": 20, ""is_profiled"": false, ""is_healthy"": true}",2025-08-24T09:26:29.903178
3,"{""player"": ""Luke Shaw"", ""prop"": ""Player Fouls"", ""threshold"": ""2"", ""model_prob"": 0.3374, ""final_score"": 39.6, ""suggested_stake"": 39.62, ""games_played"": 28, ""position"": ""Defender"", ""rate_per_game"": 1.2, ""age"": 30, ""jersey_number"": 20, ""is_profiled"": false, ""is_healthy"": true}",2025-08-24T09:26:29.903218
3,"{""player"": ""Lisandro Mart\u00ednez"", ""prop"": ""Player Yellow Cards"", ""threshold"": ""1"", ""model_prob"": 0.2212, ""final_score"": 33.5, ""suggested_stake"": 33.48, ""games_played"": 28, ""position"": ""Defender"", ""rate_per_game"": 0.25, ""age"": 27, ""jersey_number"": 20, ""is_profiled"": false, ""is_healthy"": true}",2025-08-24T09:26:29.903241
3,"{""player"": ""Lisandro Mart\u00ednez"", ""prop"": ""Player Shots"", ""threshold"": ""2"", ""model_prob"": 0.1912, ""final_score"": 31.4, ""suggested_stake"": 31.38, ""games_played"": 28, ""position"": ""Defender"", ""rate_per_game"": 0.8, ""age"": 27, ""jersey_number"": 20, ""is_profiled"": false, ""is_healthy"": true}",2025-08-24T09:26:29.903262
3,"{""player"": ""Lisandro Mart\u00ednez"", ""prop"": ""Player Shots on Target"", ""threshold"": ""1"", ""model_prob"": 0.2592, ""final_score"": 36.1, ""suggested_stake"": 36.14, ""games_played"": 28, ""position"": ""Defender"", ""rate_per_game"": 0.3, ""age"": 27, ""jersey_number"": 20, ""is_profiled"": false, ""is_healthy"": true}",2025-08-24T09:26:29.903281
3,"{""player"": ""Lisandro Mart\u00ednez"", ""prop"": ""Player Assists"", ""threshold"": ""1"", ""model_prob"": 0.0952, ""final_score"": 24.7, ""suggested_stake"": 25.0, ""games_played"": 28, ""position"": ""Defender"", ""rate_per_game"": 0.1, ""age"": 27, ""jersey_number"": 20, ""is_profiled"": false, ""is_healthy"": true}",2025-08-24T09:26:29.903298
3,"{""player"": ""Lisandro Mart\u00ednez"", ""prop"": ""Player Goals"", ""threshold"": ""1"", ""model_prob"": 0.0488, ""final_score"": 21.4, ""suggested_stake"": 25.0, ""games_played"": 28, ""position"": ""Defender"", ""rate_per_game"": 0.05, ""age"": 27, ""jersey_number"": 20, ""is_profiled"": false, ""is_healthy"": true}",2025-08-24T09:26:29.903328
3,"{""player"": ""Lisandro Mart\u00ednez"", ""prop"": ""Player Fouls"", ""threshold"": ""2"", ""model_prob"": 0.3374, ""final_score"": 44.6, ""suggested_stake"": 44.62, ""games_played"": 28, ""position"": ""Defender"", ""rate_per_game"": 1.2, ""age"": 27, ""jersey_number"": 20, ""is_profiled"": false, ""is_healthy"": true}",2025-08-24T09:26:29.903365
3,"{""player"": ""Diogo Dalot"", ""prop"": ""Player Yellow Cards"", ""threshold"": ""1"", ""model_prob"": 0.2212, ""final_score"": 33.5, ""suggested_stake"": 33.48, ""games_played"": 28, ""position"": ""Defender"", ""rate_per_game"": 0.25, ""age"": 26, ""jersey_number"": 20, ""is_profiled"": false, ""is_healthy"": true}",2025-08-24T09:26:29.903403
3,"{""player"": ""Diogo Dalot"", ""prop"": ""Player Shots"", ""threshold"": ""2"", ""model_prob"": 0.1912, ""final_score"": 31.4, ""suggested_stake"": 31.38, ""games_played"": 28, ""position"": ""Defender"", ""rate_per_game"": 0.8, ""age"": 26, ""jersey_number"": 20, ""is_profiled"": false, ""is_healthy"": true}",2025-08-24T09:26:29.903452
3,"{""player"": ""Diogo Dalot"", ""prop"": ""Player Shots on Target"", ""threshold"": ""1"", ""model_prob"": 0.2592, ""final_score"": 36.1, ""suggested_stake"": 36.14, ""games_played"": 28, ""position"": ""Defender"", ""rate_per_game"": 0.3, ""age"": 26, ""jersey_number"": 20, ""is_profiled"": false, ""is_healthy"": true}",2025-08-24T09:26:29.903475
3,"{""player"": ""Diogo Dalot"", ""prop"": ""Player Assists"", ""threshold"": ""1"", ""model_prob"": 0.0952, ""final_score"": 24.7, ""suggested_stake"": 25.0, ""games_played"": 28, ""position"": ""Defender"", ""rate_per_game"": 0.1, ""age"": 26, ""jersey_number"": 20, ""is_profiled"": false, ""is_healthy"": true}",2025-08-24T09:26:29.903493
3,"{""player"": ""Diogo Dalot"", ""prop"": ""Player Goals"", ""threshold"": ""1"", ""model_prob"": 0.0488, ""final_score"": 21.4, ""suggested_stake"": 25.0, ""games_played"": 28, ""position"": ""Defender"", ""rate_per_game"": 0.05, ""age"": 26, ""jersey_number"": 20, ""is_profiled"": false, ""is_healthy"": true}",2025-08-24T09:26:29.903523
3,"{""player"": ""Diogo Dalot"", ""prop"": ""Player Fouls"", ""threshold"": ""2"", ""model_prob"": 0.3374, ""final_score"": 44.6, ""suggested_stake"": 44.62, ""games_played"": 28, ""position"": ""Defender"", ""rate_per_game"": 1.2, ""age"": 26, ""jersey_number"": 20, ""is_profiled"": false, ""is_healthy"": true}",2025-08-24T09:26:29.903560
3,"{""player"": ""Bruno Fernandes"", ""prop"": ""Player Yellow Cards"", ""threshold"": ""1"", ""model_prob"": 0.1813, ""final_score"": 27.7, ""suggested_stake"": 27.69, ""games_played"": 30, ""position"": ""Midfielder"", ""rate_per_game"": 0.2, ""age"": 30, ""jersey_number"": 20, ""is_profiled"": false, ""is_healthy"": true}",2025-08-24T09:26:29.903609
3,"{""player"": ""Bruno Fernandes"", ""prop"": ""Player Shots"", ""threshold"": ""3"", ""model_prob"": 0.1912, ""final_score"": 31.4, ""suggested_stake"": 31.38, ""games_played"": 30, ""position"": ""Midfielder"", ""rate_per_game"": 1.5, ""age"": 30, ""jersey_number"": 20, ""is_profiled"": false, ""is_healthy"": true}",2025-08-24T09:26:29.903637
3,"{""player"": ""Bruno Fernandes"", ""prop"": ""Player Shots on Target"", ""threshold"": ""1"", ""model_prob"": 0.4512, ""final_score"": 46.6, ""suggested_stake"": 46.58, ""games_played"": 30, ""position"": ""Midfielder"", ""rate_per_game"": 0.6, ""age"": 30, ""jersey_number"": 20, ""is_profiled"": false, ""is_healthy"": true}",2025-08-24T09:26:29.903656
3,"{""player"": ""Bruno Fernandes"", ""prop"": ""Player Assists"", ""threshold"": ""1"", ""model_prob"": 0.2212, ""final_score"": 30.5, ""suggested_stake"": 30.48, ""games_played"": 30, ""position"": ""Midfielder"", ""rate_per_game"": 0.25, ""age"": 30, ""jersey_number"": 20, ""is_profiled"": false, ""is_healthy"": true}",2025-08-24T09:26:29.903678
3,"{""player"": ""Bruno Fernandes"", ""prop"": ""Player Goals"", ""threshold"": ""1"", ""model_prob"": 0.1393, ""final_score"": 24.8, ""suggested_stake"": 25.0, ""games_played"": 30, ""position"": ""Midfielder"", ""rate_per_game"": 0.15, ""age"": 30, ""jersey_number"": 20, ""is_profiled"": false, ""is_healthy"": true}",2025-08-24T09:26:29.903695
3,"{""player"": ""Bruno Fernandes"", ""prop"": ""Player Fouls"", ""threshold"": ""2"", ""model_prob"": 0.2642, ""final_score"": 33.5, ""suggested_stake"": 33.5, ""games_played"": 30, ""position"": ""Midfielder"", ""rate_per_game"": 1.0, ""age"": 30, ""jersey_number"": 20, ""is_profiled"": false, ""is_healthy"": true}",2025-08-24T09:26:29.903715
3,"{""player"": ""Casemiro"", ""prop"": ""Player Yellow Cards"", ""threshold"": ""1"", ""model_prob"": 0.1813, ""final_score"": 22.7, ""suggested_stake"": 25.0, ""games_played"": 30, ""position"": ""Midfielder"", ""rate_per_game"": 0.2, ""age"": 33, ""jersey_number"": 20, ""is_profiled"": false, ""is_healthy"": true}",2025-08-24T09:26:29.903738
3,"{""player"": ""Casemiro"", ""prop"": ""Player Shots"", ""threshold"": ""3"", ""model_prob"": 0.1912, ""final_score"": 26.4, ""suggested_stake"": 26.38, ""games_played"": 30, ""position"": ""Midfielder"", ""rate_per_game"": 1.5, ""age"": 33, ""jersey_number"": 20, ""is_profiled"": false, ""is_healthy"": true}",2025-08-24T09:26:29.903765
3,"{""player"": ""Casemiro"", ""prop"": ""Player Shots on Target"", ""threshold"": ""1"", ""model_prob"": 0.4512, ""final_score"": 41.6, ""suggested_stake"": 41.58, ""games_played"": 30, ""position"": ""Midfielder"", ""rate_per_game"": 0.6, ""age"": 33, ""jersey_number"": 20, ""is_profiled"": false, ""is_healthy"": true}",2025-08-24T09:26:29.903817
3,"{""player"": ""Casemiro"", ""prop"": ""Player Assists"", ""threshold"": ""1"", ""model_prob"": 0.2212, ""final_score"": 25.5, ""suggested_stake"": 25.48, ""games_played"": 30, ""position"": ""Midfielder"", ""rate_per_game"": 0.25, ""age"": 33, ""jersey_number"": 20, ""is_profiled"": false, ""is_healthy"": true}",2025-08-24T09:26:29.903856
3,"{""player"": ""Casemiro"", ""prop"": ""Player Goals"", ""threshold"": ""1"", ""model_prob"": 0.1393, ""final_score"": 19.8, ""suggested_stake"": 25.0, ""games_played"": 30, ""position"": ""Midfielder"", ""rate_per_game"": 0.15, ""age"": 33, ""jersey_number"": 20, ""is_profiled"": false, ""is_healthy"": true}",2025-08-24T09:26:29.903874
3,"{""player"": ""Casemiro"", ""prop"": ""Player Fouls"", ""threshold"": ""2"", ""model_prob"": 0.2642, ""final_score"": 28.5, ""suggested_stake"": 28.5, ""games_played"": 30, ""position"": ""Midfielder"", ""rate_per_game"": 1.0, ""age"": 33, ""jersey_number"": 20, ""is_profiled"": false, ""is_healthy"": true}",2025-08-24T09:26:29.903893
3,"{""player"": ""Mason Mount"", ""prop"": ""Player Yellow Cards"", ""threshold"": ""1"", ""model_prob"": 0.1813, ""final_score"": 32.7, ""suggested_stake"": 32.69, ""games_played"": 30, ""position"": ""Midfielder"", ""rate_per_game"": 0.2, ""age"": 26, ""jersey_number"": 20, ""is_profiled"": false, ""is_healthy"": true}",2025-08-24T09:26:29.903915
3,"{""player"": ""Mason Mount"", ""prop"": ""Player Shots"", ""threshold"": ""3"", ""model_prob"": 0.1912, ""final_score"": 36.4, ""suggested_stake"": 36.38, ""games_played"": 30, ""position"": ""Midfielder"", ""rate_per_game"": 1.5, ""age"": 26, ""jersey_number"": 20, ""is_profiled"": false, ""is_healthy"": true}",2025-08-24T09:26:29.903935
3,"{""player"": ""Mason Mount"", ""prop"": ""Player Shots on Target"", ""threshold"": ""1"", ""model_prob"": 0.4512, ""final_score"": 51.6, ""suggested_stake"": 51.58, ""games_played"": 30, ""position"": ""Midfielder"", ""rate_per_game"": 0.6, ""age"": 26, ""jersey_number"": 20, ""is_profiled"": false, ""is_healthy"": true}",2025-08-24T09:26:29.903952
3,"{""player"": ""Mason Mount"", ""prop"": ""Player Assists"", ""threshold"": ""1"", ""model_prob"": 0.2212, ""final_score"": 35.5, ""suggested_stake"": 35.48, ""games_played"": 30, ""position"": ""Midfielder"", ""rate_per_game"": 0.25, ""age"": 26, ""jersey_number"": 20, ""is_profiled"": false, ""is_healthy"": true}",2025-08-24T09:26:29.903988
3,"{""player"": ""Mason Mount"", ""prop"": ""Player Goals"", ""threshold"": ""1"", ""model_prob"": 0.1393, ""final_score"": 29.8, ""suggested_stake"": 29.75, ""games_played"": 30, ""position"": ""Midfielder"", ""rate_per_game"": 0.15, ""age"": 26, ""jersey_number"": 20, ""is_profiled"": false, ""is_healthy"": true}",2025-08-24T09:26:29.904009
3,"{""player"": ""Mason Mount"", ""prop"": ""Player Fouls"", ""threshold"": ""2"", ""model_prob"": 0.2642, ""final_score"": 38.5, ""suggested_stake"": 38.5, ""games_played"": 30, ""position"": ""Midfielder"", ""rate_per_game"": 1.0, ""age"": 26, ""jersey_number"": 20, ""is_profiled"": false, ""is_healthy"": true}",2025-08-24T09:26:29.904053
3,"{""player"": ""Jadon Sancho"", ""prop"": ""Player Yellow Cards"", ""threshold"": ""1"", ""model_prob"": 0.1393, ""final_score"": 30.8, ""suggested_stake"": 30.75, ""games_played"": 26, ""position"": ""Forward"", ""rate_per_game"": 0.15, ""age"": 25, ""jersey_number"": 20, ""is_profiled"": false, ""is_healthy"": true}",2025-08-24T09:26:29.904079
3,"{""player"": ""Jadon Sancho"", ""prop"": ""Player Shots"", ""threshold"": ""5"", ""model_prob"": 0.2194, ""final_score"": 41.4, ""suggested_stake"": 41.36, ""games_played"": 26, ""position"": ""Forward"", ""rate_per_game"": 3.2, ""age"": 25, ""jersey_number"": 20, ""is_profiled"": false, ""is_healthy"": true}",2025-08-24T09:26:29.904138
3,"{""player"": ""Jadon Sancho"", ""prop"": ""Player Shots on Target"", ""threshold"": ""3"", ""model_prob"": 0.1665, ""final_score"": 35.7, ""suggested_stake"": 35.66, ""games_played"": 26, ""position"": ""Forward"", ""rate_per_game"": 1.4, ""age"": 25, ""jersey_number"": 20, ""is_profiled"": false, ""is_healthy"": true}",2025-08-24T09:26:29.904159
3,"{""player"": ""Jadon Sancho"", ""prop"": ""Player Assists"", ""threshold"": ""1"", ""model_prob"": 0.1813, ""final_score"": 33.7, ""suggested_stake"": 33.69, ""games_played"": 26, ""position"": ""Forward"", ""rate_per_game"": 0.2, ""age"": 25, ""jersey_number"": 20, ""is_profiled"": false, ""is_healthy"": true}",2025-08-24T09:26:29.904177
3,"{""player"": ""Jadon Sancho"", ""prop"": ""Player Goals"", ""threshold"": ""1"", ""model_prob"": 0.3624, ""final_score"": 46.4, ""suggested_stake"": 46.37, ""games_played"": 26, ""position"": ""Forward"", ""rate_per_game"": 0.45, ""age"": 25, ""jersey_number"": 20, ""is_profiled"": false, ""is_healthy"": true}",2025-08-24T09:26:29.904195
3,"{""player"": ""Jadon Sancho"", ""prop"": ""Player Fouls"", ""threshold"": ""2"", ""model_prob"": 0.1912, ""final_score"": 34.4, ""suggested_stake"": 34.38, ""games_played"": 26, ""position"": ""Forward"", ""rate_per_game"": 0.8, ""age"": 25, ""jersey_number"": 20, ""is_profiled"": false, ""is_healthy"": true}",2025-08-24T09:26:29.904228
3,"{""player"": ""Matheus Cunha"", ""prop"": ""Player Yellow Cards"", ""threshold"": ""1"", ""model_prob"": 0.1393, ""final_score"": 30.8, ""suggested_stake"": 30.75, ""games_played"": 26, ""position"": ""Forward"", ""rate_per_game"": 0.15, ""age"": 26, ""jersey_number"": 20, ""is_profiled"": false, ""is_healthy"": true}",2025-08-24T09:26:29.904267
3,"{""player"": ""Matheus Cunha"", ""prop"": ""Player Shots"", ""threshold"": ""5"", ""model_prob"": 0.2194, ""final_score"": 41.4, ""suggested_stake"": 41.36, ""games_played"": 26, ""position"": ""Forward"", ""rate_per_game"": 3.2, ""age"": 26, ""jersey_number"": 20, ""is_profiled"": false, ""is_healthy"": true}",2025-08-24T09:26:29.904291
3,"{""player"": ""Matheus Cunha"", ""prop"": ""Player Shots on Target"", ""threshold"": ""3"", ""model_prob"": 0.1665, ""final_score"": 35.7, ""suggested_stake"": 35.66, ""games_played"": 26, ""position"": ""Forward"", ""rate_per_game"": 1.4, ""age"": 26, ""jersey_number"": 20, ""is_profiled"": false, ""is_healthy"": true}",2025-08-24T09:26:29.904311
3,"{""player"": ""Matheus Cunha"", ""prop"": ""Player Assists"", ""threshold"": ""1"", ""model_prob"": 0.1813, ""final_score"": 33.7, ""suggested_stake"": 33.69, ""games_played"": 26, ""position"": ""Forward"", ""rate_per_game"": 0.2, ""age"": 26, ""jersey_number"": 20, ""is_profiled"": false, ""is_healthy"": true}",2025-08-24T09:26:29.904330
3,"{""player"": ""Matheus Cunha"", ""prop"": ""Player Goals"", ""threshold"": ""1"", ""model_prob"": 0.3624, ""final_score"": 46.4, ""suggested_stake"": 46.37, ""games_played"": 26, ""position"": ""Forward"", ""rate_per_game"": 0.45, ""age"": 26, ""jersey_number"": 20, ""is_profiled"": false, ""is_healthy"": true}",2025-08-24T09:26:29.904361
3,"{""player"": ""Matheus Cunha"", ""prop"": ""Player Fouls"", ""threshold"": ""2"", ""model_prob"": 0.1912, ""final_score"": 34.4, ""suggested_stake"": 34.38, ""games_played"": 26, ""position"": ""Forward"", ""rate_per_game"": 0.8, ""age"": 26, ""jersey_number"": 20, ""is_profiled"": false, ""is_healthy"": true}",2025-08-24T09:26:29.904380
3,"{""player"": ""Bryan Mbeumo"", ""prop"": ""Player Yellow Cards"", ""threshold"": ""1"", ""model_prob"": 0.1393, ""final_score"": 30.8, ""suggested_stake"": 30.75, ""games_played"": 26, ""position"": ""Forward"", ""rate_per_game"": 0.15, ""age"": 26, ""jersey_number"": 20, ""is_profiled"": false, ""is_healthy"": true}",2025-08-24T09:26:29.904401
3,"{""player"": ""Bryan Mbeumo"", ""prop"": ""Player Shots"", ""threshold"": ""5"", ""model_prob"": 0.2194, ""final_score"": 41.4, ""suggested_stake"": 41.36, ""games_played"": 26, ""position"": ""Forward"", ""rate_per_game"": 3.2, ""age"": 26, ""jersey_number"": 20, ""is_profiled"": false, ""is_healthy"": true}",2025-08-24T09:26:29.904423
3,"{""player"": ""Bryan Mbeumo"", ""prop"": ""Player Shots on Target"", ""threshold"": ""3"", ""model_prob"": 0.1665, ""final_score"": 35.7, ""suggested_stake"": 35.66, ""games_played"": 26, ""position"": ""Forward"", ""rate_per_game"": 1.4, ""age"": 26, ""jersey_number"": 20, ""is_profiled"": false, ""is_healthy"": true}",2025-08-24T09:26:29.904442
3,"{""player"": ""Bryan Mbeumo"", ""prop"": ""Player Assists"", ""threshold"": ""1"", ""model_prob"": 0.1813, ""final_score"": 33.7, ""suggested_stake"": 33.69, ""games_played"": 26, ""position"": ""Forward"", ""rate_per_game"": 0.2, ""age"": 26, ""jersey_number"": 20, ""is_profiled"": false, ""is_healthy"": true}",2025-08-24T09:26:29.904459
3,"{""player"": ""Bryan Mbeumo"", ""prop"": ""Player Goals"", ""threshold"": ""1"", ""model_prob"": 0.3624, ""final_score"": 46.4, ""suggested_stake"": 46.37, ""games_played"": 26, ""position"": ""Forward"", ""rate_per_game"": 0.45, ""age"": 26, ""jersey_number"": 20, ""is_profiled"": false, ""is_healthy"": true}",2025-08-24T09:26:29.904475
3,"{""player"": ""Bryan Mbeumo"", ""prop"": ""Player Fouls"", ""threshold"": ""2"", ""model_prob"": 0.1912, ""final_score"": 34.4, ""suggested_stake"": 34.38, ""games_played"": 26, ""position"": ""Forward"", ""rate_per_game"": 0.8, ""age"": 26, ""jersey_number"": 20, ""is_profiled"": false, ""is_healthy"": true}",2025-08-24T09:26:29.904493
1,"{""team"": ""Crystal Palace"", ""prop"": ""Team Goals"", ""threshold"": ""2.5"", ""model_prob"": 0.3589, ""final_score"": 51.1, ""suggested_stake"": 51.13, ""rate_per_game"": 1.26, ""team_strength"": 0.9, ""is_home"": true, ""logo"": ""https://a.espncdn.com/i/teamlogos/soccer/500/384.png"", ""prop_type"": ""team""}",2025-08-24T09:26:38.498671
1,"{""team"": ""Crystal Palace"", ""prop"": ""Team Shots"", ""threshold"": ""12.5"", ""model_prob"": 0.4505, ""final_score"": 59.5, ""suggested_stake"": 59.54, ""rate_per_game"": 11.25, ""team_strength"": 0.9, ""is_home"": true, ""logo"": ""https://a.espncdn.com/i/teamlogos/soccer/500/384.png"", ""prop_type"": ""team""}",2025-08-24T09:26:38.498797
1,"{""team"": ""Crystal Palace"", ""prop"": ""Team Shots on Target"", ""threshold"": ""4.5"", ""model_prob"": 0.5224, ""final_score"": 64.6, ""suggested_stake"": 64.57, ""rate_per_game"": 3.78, ""team_strength"": 0.9, ""is_home"": true, ""logo"": ""https://a.espncdn.com/i/teamlogos/soccer/500/384.png"", ""prop_type"": ""team""}",2025-08-24T09:26:38.498848
1,"{""team"": ""Crystal Palace"", ""prop"": ""Team Corners"", ""threshold"": ""7.5"", ""model_prob"": 0.2706, ""final_score"": 46.9, ""suggested_stake"": 46.94, ""rate_per_game"": 5.22, ""team_strength"": 0.9, ""is_home"": true, ""logo"": ""https://a.espncdn.com/i/teamlogos/soccer/500/384.png"", ""prop_type"": ""team""}",2025-08-24T09:26:38.498893
1,"{""team"": ""Crystal Palace"", ""prop"": ""Team Yellow Cards"", ""threshold"": ""3.5"", ""model_prob"": 0.3504, ""final_score"": 52.5, ""suggested_stake"": 52.53, ""rate_per_game"": 2.1, ""team_strength"": 0.9, ""is_home"": true, ""logo"": ""https://a.espncdn.com/i/teamlogos/soccer/500/384.png"", ""prop_type"": ""team""}",2025-08-24T09:26:38.498937
1,"{""team"": ""Crystal Palace"", ""prop"": ""Team Fouls"", ""threshold"": ""12.5"", ""model_prob"": 0.4446, ""final_score"": 59.1, ""suggested_stake"": 59.12, ""rate_per_game"": 11.2, ""team_strength"": 0.9, ""is_home"": true, ""logo"": ""https://a.espncdn.com/i/teamlogos/soccer/500/384.png"", ""prop_type"": ""team""}",2025-08-24T09:26:38.498996
1,"{""team"": ""Crystal Palace"", ""prop"": ""Team First Half Goals"", ""threshold"": ""1.5"", ""model_prob"": 0.4674, ""final_score"": 55.7, ""suggested_stake"": 55.72, ""rate_per_game"": 0.63, ""team_strength"": 0.9, ""is_home"": true, ""logo"": ""https://a.espncdn.com/i/teamlogos/soccer/500/384.png"", ""prop_type"": ""team""}",2025-08-24T09:26:38.499029
1,"{""team"": ""Nottingham Forest"", ""prop"": ""Team Goals"", ""threshold"": ""2.5"", ""model_prob"": 0.3083, ""final_score"": 44.6, ""suggested_stake"": 44.58, ""rate_per_game"": 1.12, ""team_strength"": 0.8, ""is_home"": false, ""logo"": ""https://a.espncdn.com/i/teamlogos/soccer/500/393.png"", ""prop_type"": ""team""}",2025-08-24T09:26:38.499071
1,"{""team"": ""Nottingham Forest"", ""prop"": ""Team Shots"", ""threshold"": ""12.5"", ""model_prob"": 0.3032, ""final_score"": 46.2, ""suggested_stake"": 46.23, ""rate_per_game"": 10.0, ""team_strength"": 0.8, ""is_home"": false, ""logo"": ""https://a.espncdn.com/i/teamlogos/soccer/500/393.png"", ""prop_type"": ""team""}",2025-08-24T09:26:38.499148
1,"{""team"": ""Nottingham Forest"", ""prop"": ""Team Shots on Target"", ""threshold"": ""4.5"", ""model_prob"": 0.4329, ""final_score"": 55.3, ""suggested_stake"": 55.3, ""rate_per_game"": 3.36, ""team_strength"": 0.8, ""is_home"": false, ""logo"": ""https://a.espncdn.com/i/teamlogos/soccer/500/393.png"", ""prop_type"": ""team""}",2025-08-24T09:26:38.499191
1,"{""team"": ""Nottingham Forest"", ""prop"": ""Team Corners"", ""threshold"": ""5.5"", ""model_prob"": 0.4942, ""final_score"": 59.6, ""suggested_stake"": 59.6, ""rate_per_game"": 4.64, ""team_strength"": 0.8, ""is_home"": false, ""logo"": ""https://a.espncdn.com/i/teamlogos/soccer/500/393.png"", ""prop_type"": ""team""}",2025-08-24T09:26:38.499234
1,"{""team"": ""Nottingham Forest"", ""prop"": ""Team Yellow Cards"", ""threshold"": ""3.5"", ""model_prob"": 0.3504, ""final_score"": 49.5, ""suggested_stake"": 49.53, ""rate_per_game"": 2.1, ""team_strength"": 0.8, ""is_home"": false, ""logo"": ""https://a.espncdn.com/i/teamlogos/soccer/500/393.png"", ""prop_type"": ""team""}",2025-08-24T09:26:38.499271
1,"{""team"": ""Nottingham Forest"", ""prop"": ""Team Fouls"", ""threshold"": ""12.5"", ""model_prob"": 0.4446, ""final_score"": 56.1, ""suggested_stake"": 56.12, ""rate_per_game"": 11.2, ""team_strength"": 0.8, ""is_home"": false, ""logo"": ""https://a.espncdn.com/i/teamlogos/soccer/500/393.png"", ""prop_type"": ""team""}",2025-08-24T09:26:38.499331
1,"{""team"": ""Nottingham Forest"", ""prop"": ""Team First Half Goals"", ""threshold"": ""1.5"", ""model_prob"": 0.4288, ""final_score"": 50.0, ""suggested_stake"": 50.02, ""rate_per_game"": 0.56, ""team_strength"": 0.8, ""is_home"": false, ""logo"": ""https://a.espncdn.com/i/teamlogos/soccer/500/393.png"", ""prop_type"": ""team""}",2025-08-24T09:26:38.499363
2,"{""team"": ""Everton"", ""prop"": ""Team Goals"", ""threshold"": ""2.5"", ""model_prob"": 0.3083, ""final_score"": 47.6, ""suggested_stake"": 47.58, ""rate_per_game"": 1.12, ""team_strength"": 0.8, ""is_home"": true, ""logo"": ""https://a.espncdn.com/i/teamlogos/soccer/500/368.png"", ""prop_type"": ""team""}",2025-08-24T09:26:38.500381
2,"{""team"": ""Everton"", ""prop"": ""Team Shots"", ""threshold"": ""12.5"", ""model_prob"": 0.3032, ""final_score"": 49.2, ""suggested_stake"": 49.23, ""rate_per_game"": 10.0, ""team_strength"": 0.8, ""is_home"": true, ""logo"": ""https://a.espncdn.com/i/teamlogos/soccer/500/368.png"", ""prop_type"": ""team""}",2025-08-24T09:26:38.500423
2,"{""team"": ""Everton"", ""prop"": ""Team Shots on Target"", ""threshold"": ""4.5"", ""model_prob"": 0.4329, ""final_score"": 58.3, ""suggested_stake"": 58.3, ""rate_per_game"": 3.36, ""team_strength"": 0.8, ""is_home"": true, ""logo"": ""https://a.espncdn.com/i/teamlogos/soccer/500/368.png"", ""prop_type"": ""team""}",2025-08-24T09:26:38.500448
2,"{""team"": ""Everton"", ""prop"": ""Team Corners"", ""threshold"": ""5.5"", ""model_prob"": 0.4942, ""final_score"": 62.6, ""suggested_stake"": 62.6, ""rate_per_game"": 4.64, ""team_strength"": 0.8, ""is_home"": true, ""logo"": ""https://a.espncdn.com/i/teamlogos/soccer/500/368.png"", ""prop_type"": ""team""}",2025-08-24T09:26:38.500471
2,"{""team"": ""Everton"", ""prop"": ""Team Yellow Cards"", ""threshold"": ""3.5"", ""model_prob"": 0.3504, ""final_score"": 52.5, ""suggested_stake"": 52.53, ""rate_per_game"": 2.1, ""team_strength"": 0.8, ""is_home"": true, ""logo"": ""https://a.espncdn.com/i/teamlogos/soccer/500/368.png"", ""prop_type"": ""team""}",2025-08-24T09:26:38.500491
2,"{""team"": ""Everton"", ""prop"": ""Team Fouls"", ""threshold"": ""12.5"", ""model_prob"": 0.4446, ""final_score"": 59.1, ""suggested_stake"": 59.12, ""rate_per_game"": 11.2, ""team_strength"": 0.8, ""is_home"": true, ""logo"": ""https://a.espncdn.com/i/teamlogos/soccer/500/368.png"", ""prop_type"": ""team""}",2025-08-24T09:26:38.500520
2,"{""team"": ""Everton"", ""prop"": ""Team First Half Goals"", ""threshold"": ""1.5"", ""model_prob"": 0.4288, ""final_score"": 53.0, ""suggested_stake"": 53.02, ""rate_per_game"": 0.56, ""team_strength"": 0.8, ""is_home"": true, ""logo"": ""https://a.espncdn.com/i/teamlogos/soccer/500/368.png"", ""prop_type"": ""team""}",2025-08-24T09:26:38.500538
2,"{""team"": ""Brighton & Hove Albion"", ""prop"": ""Team Goals"", ""threshold"": ""2.5"", ""model_prob"": 0.3838, ""final_score"": 49.9, ""suggested_stake"": 49.86, ""rate_per_game"": 1.33, ""team_strength"": 0.95, ""is_home"": false, ""logo"": ""https://a.espncdn.com/i/teamlogos/soccer/500/331.png"", ""prop_type"": ""team""}",2025-08-24T09:26:38.500561
2,"{""team"": ""Brighton & Hove Albion"", ""prop"": ""Team Shots"", ""threshold"": ""15.5"", ""model_prob"": 0.2168, ""final_score"": 40.2, ""suggested_stake"": 40.17, ""rate_per_game"": 11.875, ""team_strength"": 0.95, ""is_home"": false, ""logo"": ""https://a.espncdn.com/i/teamlogos/soccer/500/331.png"", ""prop_type"": ""team""}",2025-08-24T09:26:38.500588
2,"{""team"": ""Brighton & Hove Albion"", ""prop"": ""Team Shots on Target"", ""threshold"": ""6.5"", ""model_prob"": 0.2133, ""final_score"": 39.9, ""suggested_stake"": 39.93, ""rate_per_game"": 3.99, ""team_strength"": 0.95, ""is_home"": false, ""logo"": ""https://a.espncdn.com/i/teamlogos/soccer/500/331.png"", ""prop_type"": ""team""}",2025-08-24T09:26:38.500608
2,"{""team"": ""Brighton & Hove Albion"", ""prop"": ""Team Corners"", ""threshold"": ""7.5"", ""model_prob"": 0.3155, ""final_score"": 47.1, ""suggested_stake"": 47.09, ""rate_per_game"": 5.51, ""team_strength"": 0.95, ""is_home"": false, ""logo"": ""https://a.espncdn.com/i/teamlogos/soccer/500/331.png"", ""prop_type"": ""team""}",2025-08-24T09:26:38.500628
2,"{""team"": ""Brighton & Hove Albion"", ""prop"": ""Team Yellow Cards"", ""threshold"": ""3.5"", ""model_prob"": 0.3504, ""final_score"": 49.5, ""suggested_stake"": 49.53, ""rate_per_game"": 2.1, ""team_strength"": 0.95, ""is_home"": false, ""logo"": ""https://a.espncdn.com/i/teamlogos/soccer/500/331.png"", ""prop_type"": ""team""}",2025-08-24T09:26:38.500646
2,"{""team"": ""Brighton & Hove Albion"", ""prop"": ""Team Fouls"", ""threshold"": ""12.5"", ""model_prob"": 0.4446, ""final_score"": 56.1, ""suggested_stake"": 56.12, ""rate_per_game"": 11.2, ""team_strength"": 0.95, ""is_home"": false, ""logo"": ""https://a.espncdn.com/i/teamlogos/soccer/500/331.png"", ""prop_type"": ""team""}",2025-08-24T09:26:38.500675
2,"{""team"": ""Brighton & Hove Albion"", ""prop"": ""Team First Half Goals"", ""threshold"": ""1.5"", ""model_prob"": 0.4857, ""final_score"": 54.0, ""suggested_stake"": 54.0, ""rate_per_game"": 0.665, ""team_strength"": 0.95, ""is_home"": false, ""logo"": ""https://a.espncdn.com/i/teamlogos/soccer/500/331.png"", ""prop_type"": ""team""}",2025-08-24T09:26:38.500693
3,"{""team"": ""Fulham"", ""prop"": ""Team Goals"", ""threshold"": ""2.5"", ""model_prob"": 0.3589, ""final_score"": 51.1, ""suggested_stake"": 51.13, ""rate_per_game"": 1.26, ""team_strength"": 0.9, ""is_home"": true, ""logo"": ""https://a.espncdn.com/i/teamlogos/soccer/500/370.png"", ""prop_type"": ""team""}",2025-08-24T09:26:38.501637
3,"{""team"": ""Fulham"", ""prop"": ""Team Shots"", ""threshold"": ""12.5"", ""model_prob"": 0.4505, ""final_score"": 59.5, ""suggested_stake"": 59.54, ""rate_per_game"": 11.25, ""team_strength"": 0.9, ""is_home"": true, ""logo"": ""https://a.espncdn.com/i/teamlogos/soccer/500/370.png"", ""prop_type"": ""team""}",2025-08-24T09:26:38.501676
3,"{""team"": ""Fulham"", ""prop"": ""Team Shots on Target"", ""threshold"": ""4.5"", ""model_prob"": 0.5224, ""final_score"": 64.6, ""suggested_stake"": 64.57, ""rate_per_game"": 3.78, ""team_strength"": 0.9, ""is_home"": true, ""logo"": ""https://a.espncdn.com/i/teamlogos/soccer/500/370.png"", ""prop_type"": ""team""}",2025-08-24T09:26:38.501701
3,"{""team"": ""Fulham"", ""prop"": ""Team Corners"", ""threshold"": ""7.5"", ""model_prob"": 0.2706, ""final_score"": 46.9, ""suggested_stake"": 46.94, ""rate_per_game"": 5.22, ""team_strength"": 0.9, ""is_home"": true, ""logo"": ""https://a.espncdn.com/i/teamlogos/soccer/500/370.png"", ""prop_type"": ""team""}",2025-08-24T09:26:38.501723
3,"{""team"": ""Fulham"", ""prop"": ""Team Yellow Cards"", ""threshold"": ""3.5"", ""model_prob"": 0.3504, ""final_score"": 52.5, ""suggested_stake"": 52.53, ""rate_per_game"": 2.1, ""team_strength"": 0.9, ""is_home"": true, ""logo"": ""https://a.espncdn.com/i/teamlogos/soccer/500/370.png"", ""prop_type"": ""team""}",2025-08-24T09:26:38.501742
3,"{""team"": ""Fulham"", ""prop"": ""Team Fouls"", ""threshold"": ""12.5"", ""model_prob"": 0.4446, ""final_score"": 59.1, ""suggested_stake"": 59.12, ""rate_per_game"": 11.2, ""team_strength"": 0.9, ""is_home"": true, ""logo"": ""https://a.espncdn.com/i/teamlogos/soccer/500/370.png"", ""prop_type"": ""team""}",2025-08-24T09:26:38.501779
3,"{""team"": ""Fulham"", ""prop"": ""Team First Half Goals"", ""threshold"": ""1.5"", ""model_prob"": 0.4674, ""final_score"": 55.7, ""suggested_stake"": 55.72, ""rate_per_game"": 0.63, ""team_strength"": 0.9, ""is_home"": true, ""logo"": ""https://a.espncdn.com/i/teamlogos/soccer/500/370.png"", ""prop_type"": ""team""}",2025-08-24T09:26:38.501797
3,"{""team"": ""Manchester United"", ""prop"": ""Team Goals"", ""threshold"": ""3.5"", ""model_prob"": 0.2013, ""final_score"": 37.1, ""suggested_stake"": 37.09, ""rate_per_game"": 1.54, ""team_strength"": 1.1, ""is_home"": false, ""logo"": ""https://a.espncdn.com/i/teamlogos/soccer/500/360.png"", ""prop_type"": ""team""}",2025-08-24T09:26:38.501820
3,"{""team"": ""Manchester United"", ""prop"": ""Team Shots"", ""threshold"": ""15.5"", ""model_prob"": 0.4031, ""final_score"": 53.2, ""suggested_stake"": 53.22, ""rate_per_game"": 13.75, ""team_strength"": 1.1, ""is_home"": false, ""logo"": ""https://a.espncdn.com/i/teamlogos/soccer/500/360.png"", ""prop_type"": ""team""}",2025-08-24T09:26:38.501846
3,"{""team"": ""Manchester United"", ""prop"": ""Team Shots on Target"", ""threshold"": ""6.5"", ""model_prob"": 0.3177, ""final_score"": 47.2, ""suggested_stake"": 47.24, ""rate_per_game"": 4.62, ""team_strength"": 1.1, ""is_home"": false, ""logo"": ""https://a.espncdn.com/i/teamlogos/soccer/500/360.png"", ""prop_type"": ""team""}",2025-08-24T09:26:38.501866
3,"{""team"": ""Manchester United"", ""prop"": ""Team Corners"", ""threshold"": ""7.5"", ""model_prob"": 0.4545, ""final_score"": 56.8, ""suggested_stake"": 56.81, ""rate_per_game"": 6.38, ""team_strength"": 1.1, ""is_home"": false, ""logo"": ""https://a.espncdn.com/i/teamlogos/soccer/500/360.png"", ""prop_type"": ""team""}",2025-08-24T09:26:38.501886
3,"{""team"": ""Manchester United"", ""prop"": ""Team Yellow Cards"", ""threshold"": ""3.5"", ""model_prob"": 0.3504, ""final_score"": 49.5, ""suggested_stake"": 49.53, ""rate_per_game"": 2.1, ""team_strength"": 1.1, ""is_home"": false, ""logo"": ""https://a.espncdn.com/i/teamlogos/soccer/500/360.png"", ""prop_type"": ""team""}",2025-08-24T09:26:38.501908
3,"{""team"": ""Manchester United"", ""prop"": ""Team Fouls"", ""threshold"": ""12.5"", ""model_prob"": 0.4446, ""final_score"": 56.1, ""suggested_stake"": 56.12, ""rate_per_game"": 11.2, ""team_strength"": 1.1, ""is_home"": false, ""logo"": ""https://a.espncdn.com/i/teamlogos/soccer/500/360.png"", ""prop_type"": ""team""}",2025-08-24T09:26:38.501936
3,"{""team"": ""Manchester United"", ""prop"": ""Team First Half Goals"", ""threshold"": ""1.5"", ""model_prob"": 0.537, ""final_score"": 57.6, ""suggested_stake"": 57.59, ""rate_per_game"": 0.77, ""team_strength"": 1.1, ""is_home"": false, ""logo"": ""https://a.espncdn.com/i/teamlogos/soccer/500/360.png"", ""prop_type"": ""team""}",2025-08-24T09:26:38.501953
